country,city_actual,rating_count,center1label,center2label,neighbourhood,price,city,stars,ratingta,ratingta_count,scarce_room,hotel_id,offer,offer_cat,year,month,weekend,holiday,distance,distance_alter,accommodation_type,nnights,rating
Austria,Vienna,189,City centre,Donauturm,17. Hernals,81,Vienna,4,3.5,708,0,21897,1,1-15% offer,2017,11,0,0,1.7,3.8,Hotel,1,3.9
Austria,Vienna,53,City centre,Donauturm,Alsergrund,85,Vienna,4,3.5,629,0,21901,1,15-50% offer,2017,11,0,0,1.4,2.5,Hotel,1,3.7
Austria,Vienna,55,City centre,Donauturm,Alsergrund,83,Vienna,3,4,52,0,21902,1,15-50% offer,2017,11,0,0,1.7,2.5,Hotel,1,4
Austria,Vienna,33,City centre,Donauturm,Alsergrund,82,Vienna,4,3.5,219,1,21903,1,15-50% offer,2017,11,0,0,1.2,2.8,Hotel,1,3.9
Austria,Vienna,57,City centre,Donauturm,Alsergrund,103,Vienna,4,3.5,251,1,21906,0,0% no offer,2017,11,0,0,0.9,2.4,Hotel,1,3.9
Austria,Vienna,161,City centre,Donauturm,Alsergrund,150,Vienna,4,4.5,617,0,21907,0,0% no offer,2017,11,0,0,1,2.7,Hotel,1,4.6
Austria,Vienna,203,City centre,Donauturm,Alsergrund,60,Vienna,4,4,359,1,21912,1,1-15% offer,2017,11,0,0,1.1,2.7,Hotel,1,4.1
Austria,Vienna,251,City centre,Donauturm,Alsergrund,128,Vienna,4,4,829,0,21913,0,0% no offer,2017,11,0,0,0.8,2.9,Hotel,1,4
Austria,Vienna,18,City centre,Donauturm,Alsergrund,85,Vienna,4,4,62,0,21917,1,1-15% offer,2017,11,0,0,1.7,2.6,Hotel,1,4.1
Austria,Vienna,20,City centre,Donauturm,Alsergrund,77,Vienna,3,3.5,97,0,21918,1,15-50% offer,2017,11,0,0,0.9,2.8,Hotel,1,3.7
Austria,Vienna,77,City centre,Donauturm,Alsergrund,78,Vienna,3,3.5,120,1,21919,1,15-50% offer,2017,11,0,0,0.8,2.8,Hotel,1,3.9
Austria,Vienna,76,City centre,Donauturm,Alsergrund,78,Vienna,3,3.5,161,1,21920,0,0% no offer,2017,11,0,0,0.9,2.8,Hotel,1,4
Austria,Vienna,77,City centre,Donauturm,Donaustadt,77,Vienna,3,4,158,1,21924,0,0% no offer,2017,11,0,0,4.2,1.5,Hotel,1,3.9
Austria,Vienna,193,City centre,Donauturm,Donaustadt,77,Vienna,3,3,91,0,21925,1,50%-75% offer,2017,11,0,0,3.9,1.9,Hotel,1,2.7
Austria,Vienna,94,City centre,Donauturm,Donaustadt,95,Vienna,4,4,228,0,21926,1,15-50% offer,2017,11,0,0,3.6,1.2,Hotel,1,4.3
Austria,Vienna,178,City centre,Donauturm,Donaustadt,208,Vienna,4,4,1085,1,21930,0,0% no offer,2017,11,0,0,2.9,0.6,Hotel,1,4.1
Austria,Vienna,330,City centre,Donauturm,Donaustadt,87,Vienna,3,3.5,423,1,21933,0,0% no offer,2017,11,0,0,3.4,0.9,Hotel,1,3.7
Austria,Vienna,194,City centre,Donauturm,Favoriten,54,Vienna,3,4,522,0,21935,1,50%-75% offer,2017,11,0,0,2,4.5,Hotel,1,3.5
Austria,Vienna,441,City centre,Donauturm,Favoriten,99,Vienna,3.5,4.5,630,0,21940,0,0% no offer,2017,11,0,0,1.7,4.2,Hotel,1,4.4
Austria,Vienna,1122,City centre,Donauturm,Favoriten,75,Vienna,3.5,4.5,573,0,21941,1,15-50% offer,2017,11,0,0,1.7,4.1,Hotel,1,4.4
Austria,Vienna,362,City centre,Donauturm,Favoriten,76,Vienna,3,4,269,0,21943,1,15-50% offer,2017,11,0,0,2.1,4.6,Hotel,1,4.4
Austria,Vienna,525,City centre,Donauturm,Favoriten,91,Vienna,4,4.5,741,0,21946,0,0% no offer,2017,11,0,0,1.9,4.2,Hotel,1,4.5
Austria,Vienna,821,City centre,Donauturm,Favoriten,71,Vienna,4,4,31,0,21959,1,1-15% offer,2017,11,0,0,1.7,4.2,Hotel,1,4
Austria,Vienna,77,City centre,Donauturm,Graben,113,Vienna,3,4,259,0,21965,1,15-50% offer,2017,11,0,0,0.2,2.9,Hotel,1,4.4
Austria,Vienna,184,City centre,Donauturm,Innere Stadt,156,Vienna,3,4.5,1347,1,21968,1,1-15% offer,2017,11,0,0,0.3,2.6,Hotel,1,4.5
Austria,Vienna,319,City centre,Donauturm,Innere Stadt,133,Vienna,4,4,466,1,21970,1,15-50% offer,2017,11,0,0,0.3,2.6,Hotel,1,4.3
Austria,Vienna,73,City centre,Donauturm,Innere Stadt,123,Vienna,4,3.5,47,1,21971,1,15-50% offer,2017,11,0,0,0.5,3.1,Hotel,1,4.1
Austria,Vienna,81,City centre,Donauturm,Innere Stadt,219,Vienna,4,4.5,392,1,21972,1,1-15% offer,2017,11,0,0,0.3,3,Hotel,1,4.5
Austria,Vienna,271,City centre,Donauturm,Innere Stadt,152,Vienna,4,4,261,0,21973,1,15-50% offer,2017,11,0,0,0.3,3,Hotel,1,4.3
Austria,Vienna,211,City centre,Donauturm,Innere Stadt,115,Vienna,4,4.5,211,1,21975,1,15-50% offer,2017,11,0,0,0.1,2.7,Hotel,1,4.3
Austria,Vienna,316,City centre,Donauturm,Innere Stadt,138,Vienna,4,4.5,463,0,21977,1,15-50% offer,2017,11,0,0,0.2,2.6,Hotel,1,4.5
Austria,Vienna,336,City centre,Donauturm,Innere Stadt,146,Vienna,4,4,714,0,21980,0,0% no offer,2017,11,0,0,0.1,2.9,Hotel,1,4.4
Austria,Vienna,88,City centre,Donauturm,Innere Stadt,98,Vienna,3,3.5,66,1,21984,0,0% no offer,2017,11,0,0,0.5,2.6,Hotel,1,3.7
Austria,Vienna,140,City centre,Donauturm,Innere Stadt,121,Vienna,3.5,4.5,557,1,21985,1,15-50% offer,2017,11,0,0,0.3,2.5,Hotel,1,4.5
Austria,Vienna,391,City centre,Donauturm,Innere Stadt,149,Vienna,4,4,1516,0,21986,1,1-15% offer,2017,11,0,0,0.2,2.6,Hotel,1,4
Austria,Vienna,320,City centre,Donauturm,Innere Stadt,120,Vienna,3,3.5,515,0,21987,1,1-15% offer,2017,11,0,0,0.3,2.5,Hotel,1,3.9
Austria,Vienna,21,City centre,Donauturm,Innere Stadt,157,Vienna,3,4.5,146,1,21988,1,1-15% offer,2017,11,0,0,0.4,2.9,Hotel,1,4.4
Austria,Vienna,505,City centre,Donauturm,Innere Stadt,112,Vienna,4,4,607,0,21995,1,15-50% offer,2017,11,0,0,0.2,2.9,Hotel,1,4
Austria,Vienna,386,City centre,Donauturm,Innere Stadt,138,Vienna,4,4,273,0,21996,1,15-50% offer,2017,11,0,0,0.3,2.5,Hotel,1,4.3
Austria,Vienna,47,City centre,Donauturm,Innere Stadt,158,Vienna,3,4,232,1,22009,0,0% no offer,2017,11,0,0,0.3,3.1,Hotel,1,4.3
Austria,Vienna,124,City centre,Donauturm,Innere Stadt,218,Vienna,4,5,1112,1,22011,1,50%-75% offer,2017,11,0,0,0.2,2.6,Hotel,1,4.6
Austria,Vienna,115,City centre,Donauturm,Innere Stadt,218,Vienna,4,4.5,475,0,22012,1,15-50% offer,2017,11,0,0,0.1,2.7,Hotel,1,4.5
Austria,Vienna,110,City centre,Donauturm,Innere Stadt,135,Vienna,3,3.5,162,0,22013,1,15-50% offer,2017,11,0,0,0.3,2.6,Hotel,1,3.9
Austria,Vienna,467,City centre,Donauturm,Innere Stadt,179,Vienna,4,4.5,423,1,22016,0,0% no offer,2017,11,0,0,0.5,3.3,Hotel,1,4.4
Austria,Vienna,650,City centre,Donauturm,Innere Stadt,157,Vienna,4,4.5,1380,0,22018,1,1-15% offer,2017,11,0,0,0.7,3.5,Hotel,1,4.5
Austria,Vienna,95,City centre,Donauturm,Innere Stadt,146,Vienna,4,4.5,770,1,22019,0,0% no offer,2017,11,0,0,0.3,2.8,Hotel,1,4.5
Austria,Vienna,168,City centre,Donauturm,Innere Stadt,157,Vienna,4,4,392,1,22021,0,0% no offer,2017,11,0,0,0.1,2.8,Hotel,1,4.1
Austria,Vienna,175,City centre,Donauturm,Innere Stadt,108,Vienna,3,3.5,234,1,22023,1,15-50% offer,2017,11,0,0,0.3,2.5,Hotel,1,3.5
Austria,Vienna,426,City centre,Donauturm,Innere Stadt,127,Vienna,4,4,840,0,22026,1,15-50% offer,2017,11,0,0,0.8,3.1,Hotel,1,4
Austria,Vienna,148,City centre,Donauturm,Innere Stadt,163,Vienna,4,4,388,1,22028,0,0% no offer,2017,11,0,0,0.4,2.7,Hotel,1,4.1
Austria,Vienna,56,City centre,Donauturm,Innere Stadt,231,Vienna,4,4.5,282,0,22031,1,15-50% offer,2017,11,0,0,0.1,2.7,Hotel,1,4.4
Austria,Vienna,247,City centre,Donauturm,Innere Stadt,116,Vienna,4,4.5,1274,1,22032,1,15-50% offer,2017,11,0,0,0.4,2.6,Hotel,1,4.4
Austria,Vienna,703,City centre,Donauturm,Innere Stadt,166,Vienna,4,4,1592,1,22037,1,15-50% offer,2017,11,0,0,0.6,2.8,Hotel,1,4.3
Austria,Vienna,81,City centre,Donauturm,Innere Stadt,169,Vienna,4,4.5,561,1,22042,0,0% no offer,2017,11,0,0,0.3,2.5,Hotel,1,4.5
Austria,Vienna,404,City centre,Donauturm,Innere Stadt,242,Vienna,4,4.5,2165,0,22050,1,1-15% offer,2017,11,0,0,0,2.8,Hotel,1,4.8
Austria,Vienna,123,City centre,Donauturm,Innere Stadt,223,Vienna,4,3.5,276,1,22051,0,0% no offer,2017,11,0,0,0.5,2.4,Hotel,1,3.5
Austria,Vienna,653,City centre,Donauturm,Innere Stadt,149,Vienna,4,4.5,930,1,22052,1,15-50% offer,2017,11,0,0,0.3,2.7,Hotel,1,4.4
Austria,Vienna,388,City centre,Donauturm,Innere Stadt,114,Vienna,4,4,836,0,22054,1,15-50% offer,2017,11,0,0,0.5,2.3,Hotel,1,4
Austria,Vienna,34,City centre,Donauturm,Innere Stadt,139,Vienna,4,3.5,54,1,22061,1,1-15% offer,2017,11,0,0,0.2,2.9,Hotel,1,3.5
Austria,Vienna,102,City centre,Donauturm,Josefstadt,79,Vienna,3,3.5,127,1,22064,1,1-15% offer,2017,11,0,0,1.4,3.6,Hotel,1,3.5
Austria,Vienna,354,City centre,Donauturm,Josefstadt,110,Vienna,3,4,419,0,22071,1,15-50% offer,2017,11,0,0,0.9,3.4,Hotel,1,4.1
Austria,Vienna,92,City centre,Donauturm,Josefstadt,88,Vienna,3,4,509,1,22072,1,15-50% offer,2017,11,0,0,0.9,3.3,Hotel,1,4.4
Austria,Vienna,128,City centre,Donauturm,Josefstadt,59,Vienna,3,4,967,1,22075,1,50%-75% offer,2017,11,0,0,1.6,3.7,Hotel,1,3.9
Austria,Vienna,530,City centre,Donauturm,Josefstadt,119,Vienna,4,4,1358,0,22076,1,1-15% offer,2017,11,0,0,0.9,3.4,Hotel,1,4
Austria,Vienna,342,City centre,Donauturm,Josefstadt,152,Vienna,4,4,1461,0,22077,1,1-15% offer,2017,11,0,0,0.9,3.4,Hotel,1,4.3
Austria,Vienna,194,City centre,Donauturm,Josefstadt,102,Vienna,4,4,346,0,22078,1,1-15% offer,2017,11,0,0,1,3.4,Hotel,1,4
Austria,Vienna,63,City centre,Donauturm,Josefstadt,54,Vienna,3,3,85,1,22080,1,15-50% offer,2017,11,0,0,1.1,3.4,Hotel,1,3.2
Austria,Vienna,169,City centre,Donauturm,Josefstadt,94,Vienna,3,4,452,1,22084,1,15-50% offer,2017,11,0,0,1,3.4,Hotel,1,4.1
Austria,Vienna,765,City centre,Donauturm,Josefstadt,115,Vienna,4,4.5,2150,0,22088,1,15-50% offer,2017,11,0,0,0.9,3.5,Hotel,1,4.5
Austria,Vienna,43,City centre,Donauturm,Josefstadt,68,Vienna,3,3.5,182,1,22090,1,15-50% offer,2017,11,0,0,0.9,3.2,Hotel,1,3.7
Austria,Vienna,184,City centre,Donauturm,Kaerntner Strasse,153,Vienna,4,4,700,1,22093,1,15-50% offer,2017,11,0,0,0.2,3,Hotel,1,4.1
Austria,Vienna,313,City centre,Donauturm,Kaerntner Strasse,169,Vienna,4,4,760,1,22095,1,1-15% offer,2017,11,0,0,0.3,3.1,Hotel,1,4.1
Austria,Vienna,323,City centre,Donauturm,Kaerntner Strasse,182,Vienna,4,4.5,327,0,22097,1,1-15% offer,2017,11,0,0,0.5,3.3,Hotel,1,4.5
Austria,Vienna,512,City centre,Donauturm,Kaerntner Strasse,142,Vienna,4,4,837,0,22101,1,15-50% offer,2017,11,0,0,0.1,2.8,Hotel,1,4.4
Austria,Vienna,340,City centre,Donauturm,Landstrasse,110,Vienna,4,4.5,2718,0,22104,1,1-15% offer,2017,11,0,0,0.6,3.2,Hotel,1,4.3
Austria,Vienna,181,City centre,Donauturm,Landstrasse,82,Vienna,4,4,395,0,22117,1,15-50% offer,2017,11,0,0,1.4,3.1,Hotel,1,4
Austria,Vienna,359,City centre,Donauturm,Landstrasse,82,Vienna,4,4,717,1,22118,1,1-15% offer,2017,11,0,0,1.7,3.3,Hotel,1,4.1
Austria,Vienna,160,City centre,Donauturm,Landstrasse,66,Vienna,3,3.5,203,0,22119,1,15-50% offer,2017,11,0,0,1.8,3.4,Hotel,1,3.9
Austria,Vienna,303,City centre,Donauturm,Landstrasse,169,Vienna,4,4,1208,0,22120,0,0% no offer,2017,11,0,0,0.8,2.7,Hotel,1,4.1
Austria,Vienna,173,City centre,Donauturm,Landstrasse,109,Vienna,4,4,666,0,22123,0,0% no offer,2017,11,0,0,1.5,3.8,Hotel,1,4.1
Austria,Vienna,114,City centre,Donauturm,Landstrasse,104,Vienna,3,3,72,1,22125,0,0% no offer,2017,11,0,0,0.7,2.6,Hotel,1,3.4
Austria,Vienna,249,City centre,Donauturm,Landstrasse,145,Vienna,3.5,4.5,730,0,22126,1,15-50% offer,2017,11,0,0,0.9,2.5,Hotel,1,4.3
Austria,Vienna,13,City centre,Donauturm,Landstrasse,85,Vienna,3,3.5,183,1,22130,1,50%-75% offer,2017,11,0,0,0.8,2.1,Hotel,1,3.5
Austria,Vienna,109,City centre,Donauturm,Landstrasse,110,Vienna,3,3.5,529,1,22136,0,0% no offer,2017,11,0,0,1.3,3.3,Hotel,1,3.7
Austria,Vienna,171,City centre,Donauturm,Landstrasse,134,Vienna,4,4.5,343,1,22138,1,15-50% offer,2017,11,0,0,0.6,3,Hotel,1,4.3
Austria,Vienna,79,City centre,Donauturm,Landstrasse,79,Vienna,4,3.5,77,1,22140,0,0% no offer,2017,11,0,0,1.3,3.3,Hotel,1,3.7
Austria,Vienna,281,City centre,Donauturm,Landstrasse,132,Vienna,4,4,1403,0,22142,1,15-50% offer,2017,11,0,0,1,3.2,Hotel,1,4.1
Austria,Vienna,267,City centre,Donauturm,Leopoldstadt,128,Vienna,4,4,1437,0,22144,1,15-50% offer,2017,11,0,0,0.6,2.3,Hotel,1,4.1
Austria,Vienna,183,City centre,Donauturm,Leopoldstadt,99,Vienna,3,4.5,491,0,22145,0,0% no offer,2017,11,0,0,1.5,1.6,Hotel,1,4.5
Austria,Vienna,136,City centre,Donauturm,Leopoldstadt,86,Vienna,4,3.5,326,0,22149,1,50%-75% offer,2017,11,0,0,1.8,1,Hotel,1,4
Austria,Vienna,242,City centre,Donauturm,Leopoldstadt,63,Vienna,3,3,183,1,22152,1,1-15% offer,2017,11,0,0,1,1.9,Hotel,1,3.4
Austria,Vienna,16,City centre,Donauturm,Leopoldstadt,134,Vienna,3.5,4.5,70,1,22155,1,15-50% offer,2017,11,0,0,0.6,2.2,Hotel,1,4
Austria,Vienna,122,City centre,Donauturm,Leopoldstadt,79,Vienna,3,4,290,0,22157,1,15-50% offer,2017,11,0,0,0.9,1.9,Hotel,1,3.7
Austria,Vienna,250,City centre,Donauturm,Leopoldstadt,138,Vienna,4,4,1023,0,22158,0,0% no offer,2017,11,0,0,0.5,2.3,Hotel,1,4
Austria,Vienna,603,City centre,Donauturm,Leopoldstadt,113,Vienna,4,4.5,1516,1,22159,1,15-50% offer,2017,11,0,0,1,1.8,Hotel,1,4.5
Austria,Vienna,152,City centre,Donauturm,Leopoldstadt,84,Vienna,3,4,1249,0,22162,1,15-50% offer,2017,11,0,0,1.5,1.4,Hotel,1,3.9
Austria,Vienna,84,City centre,Donauturm,Leopoldstadt,68,Vienna,3,4,129,1,22165,1,15-50% offer,2017,11,0,0,0.9,2.1,Hotel,1,4
Austria,Vienna,208,City centre,Donauturm,Leopoldstadt,102,Vienna,3.5,4,281,0,22166,1,50%-75% offer,2017,11,0,0,1.5,1.4,Hotel,1,3.9
Austria,Vienna,267,City centre,Donauturm,Leopoldstadt,82,Vienna,3,4,727,0,22169,1,15-50% offer,2017,11,0,0,1.6,1.7,Hotel,1,4.1
Austria,Vienna,275,City centre,Donauturm,Leopoldstadt,66,Vienna,3,4,407,1,22170,1,15-50% offer,2017,11,0,0,1.1,1.7,Hotel,1,4
Austria,Vienna,374,City centre,Donauturm,Leopoldstadt,113,Vienna,3,4.5,1686,0,22176,1,15-50% offer,2017,11,0,0,0.8,2.1,Hotel,1,4.5
Austria,Vienna,468,City centre,Donauturm,Leopoldstadt,106,Vienna,3,4.5,1449,1,22177,1,15-50% offer,2017,11,0,0,1,1.9,Hotel,1,4.5
Austria,Vienna,422,City centre,Donauturm,Leopoldstadt,89,Vienna,3,4,1580,0,22179,1,15-50% offer,2017,11,0,0,1.6,1.2,Hotel,1,4.1
Austria,Vienna,527,City centre,Donauturm,Leopoldstadt,106,Vienna,4,4,739,1,22182,1,15-50% offer,2017,11,0,0,0.8,2,Hotel,1,4.1
Austria,Vienna,637,City centre,Donauturm,Leopoldstadt,100,Vienna,4,4,584,1,22183,1,15-50% offer,2017,11,0,0,0.8,2,Hotel,1,4
Austria,Vienna,461,City centre,Donauturm,Leopoldstadt,75,Vienna,3,4,827,0,22184,1,15-50% offer,2017,11,0,0,0.7,2.2,Hotel,1,4.1
Austria,Vienna,3,City centre,Donauturm,Leopoldstadt,84,Vienna,3,4,92,1,22185,0,0% no offer,2017,11,0,0,0.8,2.2,Hotel,1,2.2
Austria,Vienna,104,City centre,Donauturm,Leopoldstadt,151,Vienna,4,4.5,1272,0,22187,0,0% no offer,2017,11,0,0,0.5,2.3,Hotel,1,4.6
Austria,Vienna,90,City centre,Donauturm,Leopoldstadt,87,Vienna,3,3.5,314,0,22188,0,0% no offer,2017,11,0,0,0.9,1.9,Hotel,1,3.5
Austria,Vienna,75,City centre,Donauturm,Leopoldstadt,117,Vienna,4,4.5,836,1,22189,0,0% no offer,2017,11,0,0,0.5,2.3,Hotel,1,4.4
Austria,Vienna,139,City centre,Donauturm,Leopoldstadt,120,Vienna,4,4,807,0,22190,1,50%-75% offer,2017,11,0,0,1.9,1.9,Hotel,1,4.5
Austria,Vienna,122,City centre,Donauturm,Margareten,383,Vienna,3,4,382,1,22193,0,0% no offer,2017,11,0,0,1.9,4.7,Hotel,1,4
Austria,Vienna,144,City centre,Donauturm,Margareten,174,Vienna,4,4.5,1650,0,22198,0,0% no offer,2017,11,0,0,1.5,4.3,Hotel,1,4.3
Austria,Vienna,80,City centre,Donauturm,Margareten,63,Vienna,3,3.5,335,0,22199,1,15-50% offer,2017,11,0,0,2,4.7,Hotel,1,3.5
Austria,Vienna,58,City centre,Donauturm,Margareten,100,Vienna,3.5,4.5,15,0,22201,0,0% no offer,2017,11,0,0,1.5,4.3,Hotel,1,4.5
Austria,Vienna,303,City centre,Donauturm,Margareten,86,Vienna,4,3.5,1708,0,22203,1,1-15% offer,2017,11,0,0,1.4,4.2,Hotel,1,3.9
Austria,Vienna,82,City centre,Donauturm,Margareten,67,Vienna,3,4,909,0,22205,1,15-50% offer,2017,11,0,0,1.8,4.5,Hotel,1,4
Austria,Vienna,248,City centre,Donauturm,Margareten,129,Vienna,4,4,372,0,22206,1,1-15% offer,2017,11,0,0,1.3,4.1,Hotel,1,4.1
Austria,Vienna,85,City centre,Donauturm,Mariahilf,86,Vienna,3,4,383,1,22212,0,0% no offer,2017,11,0,0,1.3,4.1,Hotel,1,4
Austria,Vienna,258,City centre,Donauturm,Mariahilf,131,Vienna,4,4,682,0,22214,1,1-15% offer,2017,11,0,0,0.7,3.4,Hotel,1,4.1
Austria,Vienna,44,City centre,Donauturm,Mariahilf,80,Vienna,3,3.5,170,0,22218,0,0% no offer,2017,11,0,0,1.4,4.2,Hotel,1,3.9
Austria,Vienna,125,City centre,Donauturm,Mariahilf,93,Vienna,4,4,410,1,22219,1,15-50% offer,2017,11,0,0,1.1,3.9,Hotel,1,4
Austria,Vienna,161,City centre,Donauturm,Mariahilf,77,Vienna,3,4,2102,0,22222,1,1-15% offer,2017,11,0,0,1.9,4.6,Hotel,1,4
Austria,Vienna,210,City centre,Donauturm,Mariahilf,140,Vienna,4,5,1495,1,22223,1,15-50% offer,2017,11,0,0,0.8,3.6,Hotel,1,4.8
Austria,Vienna,264,City centre,Donauturm,Mariahilf,99,Vienna,4,4,1228,1,22224,1,15-50% offer,2017,11,0,0,1,3.8,Hotel,1,4
Austria,Vienna,162,City centre,Donauturm,Mariahilf,105,Vienna,4,4.5,716,0,22226,1,15-50% offer,2017,11,0,0,1.4,4.1,Hotel,1,4.4
Austria,Vienna,581,City centre,Donauturm,Mariahilf,100,Vienna,3.5,4.5,1414,0,22227,1,15-50% offer,2017,11,0,0,1.7,4.4,Hotel,1,4.5
Austria,Vienna,39,City centre,Donauturm,Mariahilf,82,Vienna,3,3.5,78,0,22229,1,15-50% offer,2017,11,0,0,1.1,3.9,Hotel,1,3.9
Austria,Vienna,484,City centre,Donauturm,Mariahilf,82,Vienna,4,4,1150,0,22230,0,0% no offer,2017,11,0,0,1.8,4.5,Hotel,1,3.9
Austria,Vienna,45,City centre,Donauturm,Mariahilf,87,Vienna,4,4,290,0,22235,1,15-50% offer,2017,11,0,0,1.9,4.7,Hotel,1,3.5
Austria,Vienna,98,City centre,Donauturm,Mariahilf,100,Vienna,4,3.5,372,0,22236,1,15-50% offer,2017,11,0,0,1.6,4.3,Hotel,1,3.7
Austria,Vienna,239,City centre,Donauturm,Mariahilf,84,Vienna,4,4,561,0,22237,1,15-50% offer,2017,11,0,0,1.6,4.3,Hotel,1,4.3
Austria,Vienna,100,City centre,Donauturm,Neubau,98,Vienna,4,4,650,1,22239,1,15-50% offer,2017,11,0,0,0.8,3.5,Hotel,1,3.7
Austria,Vienna,305,City centre,Donauturm,Neubau,99,Vienna,3,4,1171,0,22241,0,0% no offer,2017,11,0,0,1.8,4.4,Hotel,1,4.1
Austria,Vienna,141,City centre,Donauturm,Neubau,76,Vienna,3,3.5,265,0,22246,1,1-15% offer,2017,11,0,0,1.6,4.2,Hotel,1,3.5
Austria,Vienna,6,City centre,Donauturm,Neubau,113,Vienna,3,NA,NA,1,22248,0,0% no offer,2017,11,0,0,0.8,3.6,Hotel,1,3.7
Austria,Vienna,328,City centre,Donauturm,Neubau,110,Vienna,4,4.5,2436,0,22249,1,15-50% offer,2017,11,0,0,0.9,3.6,Hotel,1,4.4
Austria,Vienna,123,City centre,Donauturm,Neubau,184,Vienna,4,4.5,2431,0,22250,1,50%-75% offer,2017,11,0,0,1,3.7,Hotel,1,4.6
Austria,Vienna,308,City centre,Donauturm,Neubau,99,Vienna,4,4,612,0,22253,1,15-50% offer,2017,11,0,0,1.7,4.4,Hotel,1,4.1
Austria,Vienna,54,City centre,Donauturm,Neubau,122,Vienna,3,4,143,1,22254,1,1-15% offer,2017,11,0,0,0.8,3.5,Hotel,1,3.9
Austria,Vienna,544,City centre,Donauturm,Neubau,122,Vienna,4,4,978,0,22255,1,1-15% offer,2017,11,0,0,1.7,4.3,Hotel,1,4.3
Austria,Vienna,359,City centre,Donauturm,Neubau,105,Vienna,4,4,816,0,22256,0,0% no offer,2017,11,0,0,1.7,4.3,Hotel,1,4
Austria,Vienna,98,City centre,Donauturm,Neubau,109,Vienna,4,4,582,0,22259,1,15-50% offer,2017,11,0,0,1.4,4,Hotel,1,4
Austria,Vienna,54,City centre,Donauturm,Neubau,105,Vienna,3,4.5,412,1,22260,1,15-50% offer,2017,11,0,0,1.2,3.9,Hotel,1,4.1
Austria,Vienna,69,City centre,Donauturm,Ottakring,52,Vienna,3,3.5,193,0,22268,1,15-50% offer,2017,11,0,0,3.1,5.2,Hotel,1,3.5
Austria,Vienna,83,City centre,Donauturm,Ottakring,80,Vienna,4,4,265,0,22271,1,15-50% offer,2017,11,0,0,4.1,6,Hotel,1,4
Austria,Vienna,136,City centre,Donauturm,Rudolfsheim-Funfhaus,70,Vienna,4,3.5,1020,0,22275,1,15-50% offer,2017,11,0,0,1.8,4.4,Hotel,1,3.9
Austria,Vienna,156,City centre,Donauturm,Rudolfsheim-Funfhaus,136,Vienna,3,4.5,1452,0,22277,1,15-50% offer,2017,11,0,0,1.9,4.5,Hotel,1,4.5
Austria,Vienna,81,City centre,Donauturm,Rudolfsheim-Funfhaus,80,Vienna,3,4,464,1,22279,1,15-50% offer,2017,11,0,0,2.1,4.8,Hotel,1,4.1
Austria,Vienna,54,City centre,Donauturm,Rudolfsheim-Funfhaus,81,Vienna,3,4.5,635,1,22281,1,1-15% offer,2017,11,0,0,2.4,4.9,Hotel,1,4.1
Austria,Vienna,225,City centre,Donauturm,Rudolfsheim-Funfhaus,66,Vienna,4,3.5,388,1,22285,1,1-15% offer,2017,11,0,0,3.6,6.1,Hotel,1,3.7
Austria,Vienna,144,City centre,Donauturm,Rudolfsheim-Funfhaus,77,Vienna,3,4,241,0,22286,1,1-15% offer,2017,11,0,0,2.8,5.5,Hotel,1,4
Austria,Vienna,525,City centre,Donauturm,Rudolfsheim-Funfhaus,69,Vienna,4,3.5,399,0,22288,1,1-15% offer,2017,11,0,0,2.1,4.8,Hotel,1,3.7
Austria,Vienna,113,City centre,Donauturm,Rudolfsheim-Funfhaus,83,Vienna,3,4,260,0,22289,1,15-50% offer,2017,11,0,0,2.1,4.8,Hotel,1,4.1
Austria,Vienna,78,City centre,Donauturm,Rudolfsheim-Funfhaus,77,Vienna,4,3,212,0,22293,1,15-50% offer,2017,11,0,0,1.8,4.5,Hotel,1,3.9
Austria,Vienna,134,City centre,Donauturm,Rudolfsheim-Funfhaus,121,Vienna,4,4,7,0,22296,1,1-15% offer,2017,11,0,0,1.7,4.3,Hotel,1,3.9
Austria,Vienna,38,City centre,Donauturm,Schonbrunn,68,Vienna,3,4,116,1,22299,1,15-50% offer,2017,11,0,0,3.6,6.2,Hotel,1,3.5
Austria,Vienna,65,City centre,Donauturm,Schonbrunn,63,Vienna,3,3.5,199,0,22300,0,0% no offer,2017,11,0,0,2,4.8,Hotel,1,3.7
Austria,Vienna,92,City centre,Donauturm,Schonbrunn,101,Vienna,3,4.5,187,0,22301,0,0% no offer,2017,11,0,0,2.1,4.9,Hotel,1,4.5
Austria,Vienna,100,City centre,Donauturm,Schonbrunn,75,Vienna,4,3.5,309,0,22302,1,15-50% offer,2017,11,0,0,2.6,5.4,Hotel,1,3.7
Austria,Vienna,910,City centre,Donauturm,Schonbrunn,156,Vienna,4,4,1122,0,22303,0,0% no offer,2017,11,0,0,3.6,6.2,Hotel,1,4.3
Austria,Vienna,79,City centre,Donauturm,Schonbrunn,56,Vienna,3,4,177,0,22304,1,15-50% offer,2017,11,0,0,3.7,6.3,Hotel,1,3.5
Austria,Vienna,1541,City centre,Donauturm,Schonbrunn,82,Vienna,3.5,4.5,1245,0,22306,1,15-50% offer,2017,11,0,0,2.4,5.2,Hotel,1,4.5
Austria,Vienna,183,City centre,Donauturm,Schonbrunn,82,Vienna,4,4,1148,0,22307,1,15-50% offer,2017,11,0,0,2.6,5.4,Hotel,1,4.4
Austria,Vienna,30,City centre,Donauturm,Schonbrunn,106,Vienna,3,3,69,1,22309,0,0% no offer,2017,11,0,0,4.1,6.8,Hotel,1,3.7
Austria,Vienna,24,City centre,Donauturm,Schonbrunn,85,Vienna,3,3,114,1,22310,1,1-15% offer,2017,11,0,0,3.1,5.9,Hotel,1,2.7
Austria,Vienna,18,City centre,Donauturm,Schonbrunn,83,Vienna,3.5,NA,NA,1,22311,1,15-50% offer,2017,11,0,0,2.6,5.4,Hotel,1,4.5
Austria,Vienna,140,City centre,Donauturm,Schonbrunn,92,Vienna,4,4,753,0,22312,1,1-15% offer,2017,11,0,0,2.9,5.6,Hotel,1,4.1
Austria,Vienna,124,City centre,Donauturm,Vienna,117,Vienna,4,4,192,0,22328,0,0% no offer,2017,11,0,0,2,3.4,Hotel,1,4
Austria,Vienna,33,City centre,Donauturm,Vienna,66,Vienna,3,3.5,129,0,22331,0,0% no offer,2017,11,0,0,3.9,6.4,Hotel,1,3.7
Austria,Vienna,21,City centre,Donauturm,Vienna,81,Vienna,3.5,3,12,1,22334,1,1-15% offer,2017,11,0,0,3.7,6.4,Hotel,1,4.1
Austria,Vienna,160,City centre,Donauturm,Vienna,109,Vienna,4,3.5,386,0,22335,1,1-15% offer,2017,11,0,0,3.5,6.2,Hotel,1,4
Austria,Vienna,72,City centre,Donauturm,Vienna,97,Vienna,4,4,277,0,22340,1,15-50% offer,2017,11,0,0,3.1,5.9,Hotel,1,4
Austria,Vienna,65,City centre,Donauturm,Vienna,74,Vienna,4,4,73,1,22341,1,15-50% offer,2017,11,0,0,4.8,7.3,Hotel,1,3.9
Austria,Vienna,147,City centre,Donauturm,Vienna,69,Vienna,4,3.5,320,0,22342,1,15-50% offer,2017,11,0,0,3.7,6.4,Hotel,1,3.7
Austria,Vienna,45,City centre,Donauturm,Vienna,83,Vienna,4,3.5,121,0,22343,1,15-50% offer,2017,11,0,0,3.9,6.6,Hotel,1,4
Austria,Vienna,50,City centre,Donauturm,Vienna,50,Vienna,3,4,12,0,22344,1,15-50% offer,2017,11,0,0,3.9,6.6,Hotel,1,3.9
Austria,Vienna,26,City centre,Donauturm,Vienna,77,Vienna,3,3.5,21,1,22348,0,0% no offer,2017,11,0,0,3.7,5,Hotel,1,4
Austria,Vienna,28,City centre,Donauturm,Vienna,102,Vienna,3,4.5,204,0,22349,0,0% no offer,2017,11,0,0,5.3,7.6,Hotel,1,4
Austria,Vienna,12,City centre,Donauturm,Vienna,130,Vienna,3,4,20,1,22353,0,0% no offer,2017,11,0,0,6.6,9.4,Hotel,1,4.4
Austria,Vienna,171,City centre,Donauturm,Vienna,78,Vienna,3,4,811,0,22354,0,0% no offer,2017,11,0,0,3.2,4.5,Hotel,1,4.3
Austria,Vienna,34,City centre,Donauturm,Vienna,76,Vienna,3,4,61,1,22355,1,1-15% offer,2017,11,0,0,3.3,4.6,Hotel,1,3.7
Austria,Vienna,69,City centre,Donauturm,Vienna,68,Vienna,4,3.5,87,1,22356,1,1-15% offer,2017,11,0,0,4.5,5.2,Hotel,1,4
Austria,Vienna,84,City centre,Donauturm,Vienna,116,Vienna,4,4,493,0,22358,1,15-50% offer,2017,11,0,0,2.7,3.7,Hotel,1,4
Austria,Vienna,212,City centre,Donauturm,Vienna,172,Vienna,4,4,401,1,22359,1,1-15% offer,2017,11,0,0,2.2,3.8,Hotel,1,4.1
Austria,Vienna,12,City centre,Donauturm,Vienna,87,Vienna,3,4,30,1,22362,0,0% no offer,2017,11,0,0,2.4,3.9,Hotel,1,4
Austria,Vienna,89,City centre,Donauturm,Vienna,90,Vienna,3,3,78,1,22363,1,1-15% offer,2017,11,0,0,4.6,7.4,Hotel,1,3
Austria,Vienna,74,City centre,Donauturm,Vienna,100,Vienna,3.5,4,282,1,22364,1,15-50% offer,2017,11,0,0,2.7,4.2,Hotel,1,4.4
Austria,Vienna,186,City centre,Donauturm,Wahring,84,Vienna,3,4.5,982,0,22380,1,15-50% offer,2017,11,0,0,1.9,2.7,Hotel,1,4.4
Austria,Vienna,45,City centre,Donauturm,Wahring,185,Vienna,4,4,142,1,22382,0,0% no offer,2017,11,0,0,2.1,3,Hotel,1,4.4
Austria,Vienna,168,City centre,Donauturm,Wahring,85,Vienna,4,3.5,553,0,22384,1,1-15% offer,2017,11,0,0,3,3.2,Hotel,1,4
Austria,Vienna,77,City centre,Donauturm,Wieden,110,Vienna,3.5,4.5,116,0,22386,0,0% no offer,2017,11,0,0,1.6,4,Hotel,1,4.5
Austria,Vienna,72,City centre,Donauturm,Wieden,86,Vienna,3,4,89,0,22387,0,0% no offer,2017,11,0,0,1.6,4,Hotel,1,4.3
Austria,Vienna,158,City centre,Donauturm,Wieden,118,Vienna,4,4,436,0,22388,0,0% no offer,2017,11,0,0,1,3.6,Hotel,1,4.1
Austria,Vienna,15,City centre,Donauturm,Wieden,126,Vienna,3.5,NA,NA,1,22389,1,1-15% offer,2017,11,0,0,0.9,3.6,Hotel,1,4.5
Austria,Vienna,291,City centre,Donauturm,Wieden,92,Vienna,3,4,688,0,22390,1,15-50% offer,2017,11,0,0,1.3,3.9,Hotel,1,4.3
Austria,Vienna,317,City centre,Donauturm,Wieden,197,Vienna,4,4.5,1840,1,22391,1,15-50% offer,2017,11,0,0,0.8,3.5,Hotel,1,4.8
Austria,Vienna,280,City centre,Donauturm,Wieden,135,Vienna,4,4,1121,0,22394,0,0% no offer,2017,11,0,0,1.2,3.9,Hotel,1,4.5
Austria,Vienna,47,City centre,Donauturm,Wieden,125,Vienna,4,4.5,229,0,22395,1,15-50% offer,2017,11,0,0,1.2,3.7,Hotel,1,4.4
Austria,Vienna,125,City centre,Donauturm,Wieden,134,Vienna,4,4.5,615,0,22397,1,1-15% offer,2017,11,0,0,0.8,3.5,Hotel,1,4.5
Austria,Vienna,34,City centre,Donauturm,Wieden,91,Vienna,3,3.5,383,1,22398,1,15-50% offer,2017,11,0,0,0.9,3.7,Hotel,1,3.5
Austria,Vienna,112,City centre,Donauturm,Wieden,110,Vienna,3,4,263,0,22399,0,0% no offer,2017,11,0,0,0.8,3.6,Hotel,1,3.9
Austria,Vienna,77,City centre,Donauturm,Wieden,100,Vienna,3,4,149,1,22401,1,1-15% offer,2017,11,0,0,1.2,3.7,Hotel,1,4
Austria,Vienna,572,City centre,Donauturm,Wieden,95,Vienna,4,4,1003,1,22402,1,1-15% offer,2017,11,0,0,1.5,3.9,Hotel,1,4.1
Austria,Vienna,53,City centre,Donauturm,Wieden,73,Vienna,3,3,293,1,22403,1,1-15% offer,2017,11,0,0,1.5,4,Hotel,1,3.4
Austria,Vienna,112,City centre,Donauturm,Wieden,100,Vienna,4,4.5,1006,1,22407,0,0% no offer,2017,11,0,0,1,3.7,Hotel,1,4.4
Austria,Vienna,169,City centre,Donauturm,Wieden,58,Vienna,3,3,135,0,22408,1,15-50% offer,2017,11,0,0,1.4,4.1,Hotel,1,3.2
