hotel_id,price,offer,offer_cat,year,month,weekend,holiday,nnights,scarce_room,city,distance,stars,rating,country,city_actual,rating_reviewcount,center1label,center2label,neighbourhood,ratingta,ratingta_count,distance_alter,accommodation_type
7164,131,0,0% no offer,2017,11,0,0,1,0,London,6.5,3,4,United Kingdom,London,161,City centre,Wimbledon Park Underground Station,Blackheath,4,1669,9.3,Hotel
7169,253,1,50%-75% offer,2017,11,0,0,1,1,London,0.8,4,3.9,United Kingdom,London,557,City centre,Wimbledon Park Underground Station,Bloomsbury,4,1019,6.5,Hotel
7170,160,1,1-15% offer,2017,11,0,0,1,0,London,0.7,3,2.7,United Kingdom,London,201,City centre,Wimbledon Park Underground Station,Bloomsbury,2.5,507,6.5,Hotel
7171,223,1,15-50% offer,2017,11,0,0,1,0,London,0.9,3,3.5,United Kingdom,London,107,City centre,Wimbledon Park Underground Station,Bloomsbury,4,1070,6.8,Hotel
7172,241,1,15-50% offer,2017,11,0,0,1,1,London,0.9,3.5,4,United Kingdom,London,361,City centre,Wimbledon Park Underground Station,Bloomsbury,4,359,6.6,Hotel
7173,287,1,15-50% offer,2017,11,0,0,1,0,London,0.9,4,4.1,United Kingdom,London,596,City centre,Wimbledon Park Underground Station,Bloomsbury,4,2153,6.8,Hotel
7174,366,1,1-15% offer,2017,11,0,0,1,1,London,0.9,4,4.6,United Kingdom,London,287,City centre,Wimbledon Park Underground Station,Bloomsbury,5,4284,6.7,Hotel
7175,328,1,15-50% offer,2017,11,0,0,1,1,London,0.7,4,4.5,United Kingdom,London,359,City centre,Wimbledon Park Underground Station,Bloomsbury,4.5,3332,6.5,Hotel
7182,222,1,15-50% offer,2017,11,0,0,1,0,London,0.9,4,3.7,United Kingdom,London,228,City centre,Wimbledon Park Underground Station,Bloomsbury,3.5,800,6.6,Hotel
7184,185,1,15-50% offer,2017,11,0,0,1,1,London,0.7,3.5,4,United Kingdom,London,182,City centre,Wimbledon Park Underground Station,Bloomsbury,4.5,566,6.5,Hotel
7195,199,0,0% no offer,2017,11,0,0,1,0,London,0.9,3,3.7,United Kingdom,London,158,City centre,Wimbledon Park Underground Station,Bloomsbury,3.5,342,6.7,Hotel
7197,137,0,0% no offer,2017,11,0,0,1,1,London,1.2,4,3,United Kingdom,London,50,City centre,Wimbledon Park Underground Station,Bloomsbury,2.5,91,7,Hotel
7198,193,1,15-50% offer,2017,11,0,0,1,0,London,1.3,3,3.2,United Kingdom,London,289,City centre,Wimbledon Park Underground Station,Bloomsbury,3.5,643,7.1,Hotel
7202,159,1,15-50% offer,2017,11,0,0,1,1,London,1.3,3,3.2,United Kingdom,London,127,City centre,Wimbledon Park Underground Station,Bloomsbury,3,152,7.1,Hotel
7208,166,1,15-50% offer,2017,11,0,0,1,1,London,1,3,3.9,United Kingdom,London,349,City centre,Wimbledon Park Underground Station,Bloomsbury,3.5,357,6.7,Hotel
7210,201,1,1-15% offer,2017,11,0,0,1,1,London,1,3,4.3,United Kingdom,London,302,City centre,Wimbledon Park Underground Station,Bloomsbury,4.5,1802,6.7,Hotel
7211,303,0,0% no offer,2017,11,0,0,1,0,London,0.7,4,4.3,United Kingdom,London,371,City centre,Wimbledon Park Underground Station,Bloomsbury,4,2982,6.5,Hotel
7212,300,1,15-50% offer,2017,11,0,0,1,0,London,0.9,4,4,United Kingdom,London,732,City centre,Wimbledon Park Underground Station,Bloomsbury,4,3174,6.8,Hotel
7214,320,1,15-50% offer,2017,11,0,0,1,0,London,0.7,4,4,United Kingdom,London,655,City centre,Wimbledon Park Underground Station,Bloomsbury,4,2908,6.5,Hotel
7215,317,1,15-50% offer,2017,11,0,0,1,0,London,0.7,4,4.1,United Kingdom,London,275,City centre,Wimbledon Park Underground Station,Bloomsbury,4.5,2338,6.6,Hotel
7216,283,1,1-15% offer,2017,11,0,0,1,0,London,1.2,3.5,4,United Kingdom,London,423,City centre,Wimbledon Park Underground Station,Bloomsbury,4,2768,7,Hotel
7222,75,1,75%+ offer,2017,11,0,0,1,0,London,2.8,3,3.5,United Kingdom,London,177,City centre,Wimbledon Park Underground Station,Camden Town,3,425,8.4,Hotel
7223,92,1,15-50% offer,2017,11,0,0,1,0,London,2.8,3,3.2,United Kingdom,London,134,City centre,Wimbledon Park Underground Station,Camden Town,3,59,8.4,Hotel
7225,248,1,15-50% offer,2017,11,0,0,1,0,London,2.4,4,4.4,United Kingdom,London,552,City centre,Wimbledon Park Underground Station,Camden Town,4.5,1636,7.7,Hotel
7238,294,0,0% no offer,2017,11,0,0,1,0,London,4.5,4,4.6,United Kingdom,London,130,City centre,Wimbledon Park Underground Station,Canary Wharf,4.5,400,8.9,Hotel
7247,251,1,50%-75% offer,2017,11,0,0,1,0,London,4.7,4,4.5,United Kingdom,London,715,City centre,Wimbledon Park Underground Station,Canary Wharf,4.5,3583,9,Hotel
7254,206,1,1-15% offer,2017,11,0,0,1,1,London,1.4,3,3.7,United Kingdom,London,86,City centre,Wimbledon Park Underground Station,Chelsea,3.5,125,4.7,Hotel
7257,241,1,15-50% offer,2017,11,0,0,1,0,London,2.1,4,3.7,United Kingdom,London,189,City centre,Wimbledon Park Underground Station,Chelsea,4,626,4.2,Hotel
7258,257,1,15-50% offer,2017,11,0,0,1,1,London,1.6,4,4,United Kingdom,London,249,City centre,Wimbledon Park Underground Station,Chelsea,4.5,1190,4.4,Hotel
7270,358,1,15-50% offer,2017,11,0,0,1,1,London,0.3,3.5,4.4,United Kingdom,London,5,City centre,Wimbledon Park Underground Station,Covent Garden,4.5,59,6.2,Hotel
7272,429,1,15-50% offer,2017,11,0,0,1,1,London,0.5,4,4.6,United Kingdom,London,76,City centre,Wimbledon Park Underground Station,Covent Garden,5,179,6.4,Hotel
7274,313,1,15-50% offer,2017,11,0,0,1,0,London,0.7,4,4.3,United Kingdom,London,751,City centre,Wimbledon Park Underground Station,Covent Garden,4,3365,6.6,Hotel
7275,326,1,15-50% offer,2017,11,0,0,1,0,London,0.5,4,4,United Kingdom,London,662,City centre,Wimbledon Park Underground Station,Covent Garden,4,4276,6.4,Hotel
7288,131,1,1-15% offer,2017,11,0,0,1,1,London,2.8,3,3,United Kingdom,London,508,City centre,Wimbledon Park Underground Station,Earl\u0027s Court,2.5,609,4.2,Hotel
7289,195,1,15-50% offer,2017,11,0,0,1,0,London,3.1,4,4.3,United Kingdom,London,1097,City centre,Wimbledon Park Underground Station,Earl\u0027s Court,4.5,3320,4,Hotel
7292,197,0,0% no offer,2017,11,0,0,1,0,London,2.7,3.5,3.9,United Kingdom,London,226,City centre,Wimbledon Park Underground Station,Earl\u0027s Court,4,429,4.1,Hotel
7293,267,1,15-50% offer,2017,11,0,0,1,0,London,2.6,4,3.7,United Kingdom,London,142,City centre,Wimbledon Park Underground Station,Earl\u0027s Court,4,811,4,Hotel
7294,113,0,0% no offer,2017,11,0,0,1,1,London,3.1,3,3.7,United Kingdom,London,340,City centre,Wimbledon Park Underground Station,Earl\u0027s Court,3.5,468,4,Hotel
7295,128,1,15-50% offer,2017,11,0,0,1,0,London,3,3.5,3.2,United Kingdom,London,320,City centre,Wimbledon Park Underground Station,Earl\u0027s Court,3,1075,3.9,Hotel
7296,200,1,15-50% offer,2017,11,0,0,1,1,London,2.7,4,4.4,United Kingdom,London,544,City centre,Wimbledon Park Underground Station,Earl\u0027s Court,4.5,981,4.2,Hotel
7297,205,1,15-50% offer,2017,11,0,0,1,0,London,2.7,4,4,United Kingdom,London,1121,City centre,Wimbledon Park Underground Station,Earl\u0027s Court,4,2182,4.2,Hotel
7299,68,1,50%-75% offer,2017,11,0,0,1,1,London,2.7,3,2.7,United Kingdom,London,403,City centre,Wimbledon Park Underground Station,Earl\u0027s Court,2.5,981,4.2,Hotel
7302,317,1,15-50% offer,2017,11,0,0,1,0,London,2.8,4,4,United Kingdom,London,196,City centre,Wimbledon Park Underground Station,Earl\u0027s Court,4,1608,4.2,Hotel
7303,169,1,15-50% offer,2017,11,0,0,1,1,London,3.2,3,3.4,United Kingdom,London,146,City centre,Wimbledon Park Underground Station,Earl\u0027s Court,3,201,3.7,Hotel
7304,133,0,0% no offer,2017,11,0,0,1,0,London,3,3,3.7,United Kingdom,London,306,City centre,Wimbledon Park Underground Station,Earl\u0027s Court,3.5,450,3.9,Hotel
7306,100,1,75%+ offer,2017,11,0,0,1,1,London,2.8,3,3,United Kingdom,London,523,City centre,Wimbledon Park Underground Station,Earl\u0027s Court,2.5,1307,4.1,Hotel
7307,81,1,50%-75% offer,2017,11,0,0,1,0,London,3.1,3,2.5,United Kingdom,London,556,City centre,Wimbledon Park Underground Station,Earl\u0027s Court,2.5,1353,3.9,Hotel
7309,116,1,15-50% offer,2017,11,0,0,1,1,London,3.1,3,3.2,United Kingdom,London,469,City centre,Wimbledon Park Underground Station,Earl\u0027s Court,3.5,743,4,Hotel
7310,152,0,0% no offer,2017,11,0,0,1,0,London,2.9,3,3.7,United Kingdom,London,196,City centre,Wimbledon Park Underground Station,Earl\u0027s Court,3.5,1337,4,Hotel
7311,172,1,15-50% offer,2017,11,0,0,1,0,London,2.8,4,4.1,United Kingdom,London,754,City centre,Wimbledon Park Underground Station,Earl\u0027s Court,4.5,1456,4.2,Hotel
7313,126,1,15-50% offer,2017,11,0,0,1,1,London,3,3,4.3,United Kingdom,London,226,City centre,Wimbledon Park Underground Station,Earl\u0027s Court,4.5,179,4,Hotel
7314,183,1,15-50% offer,2017,11,0,0,1,0,London,2.8,4,3.5,United Kingdom,London,201,City centre,Wimbledon Park Underground Station,Earl\u0027s Court,3.5,1566,4.2,Hotel
7317,146,1,15-50% offer,2017,11,0,0,1,1,London,3.1,4,4,United Kingdom,London,67,City centre,Wimbledon Park Underground Station,Earl\u0027s Court,4,745,3.9,Hotel
7323,140,1,50%-75% offer,2017,11,0,0,1,0,London,2.9,4,4.5,United Kingdom,London,570,City centre,Wimbledon Park Underground Station,Earl\u0027s Court,4.5,3810,4.1,Hotel
7328,136,1,1-15% offer,2017,11,0,0,1,0,London,3.1,3.5,3.9,United Kingdom,London,483,City centre,Wimbledon Park Underground Station,Earl\u0027s Court,4,343,3.9,Hotel
7331,186,1,1-15% offer,2017,11,0,0,1,1,London,2.9,4,4,United Kingdom,London,229,City centre,Wimbledon Park Underground Station,Earl\u0027s Court,4,536,4,Hotel
7334,128,1,1-15% offer,2017,11,0,0,1,1,London,3.1,3,3.5,United Kingdom,London,180,City centre,Wimbledon Park Underground Station,Earl\u0027s Court,3,419,4,Hotel
7337,220,1,50%-75% offer,2017,11,0,0,1,0,London,2.9,4,4.5,United Kingdom,London,679,City centre,Wimbledon Park Underground Station,Earl\u0027s Court,4.5,1869,4,Hotel
7340,123,1,15-50% offer,2017,11,0,0,1,1,London,2.9,3,2.9,United Kingdom,London,135,City centre,Wimbledon Park Underground Station,Earl\u0027s Court,3,337,4,Hotel
7341,101,0,0% no offer,2017,11,0,0,1,1,London,2.7,3.5,3.4,United Kingdom,London,47,City centre,Wimbledon Park Underground Station,Earl\u0027s Court,3,1068,4,Hotel
7343,119,1,15-50% offer,2017,11,0,0,1,0,London,2.9,3,3.7,United Kingdom,London,145,City centre,Wimbledon Park Underground Station,Earl\u0027s Court,4,293,4.1,Hotel
7346,68,1,15-50% offer,2017,11,0,0,1,1,London,3.1,3,3.2,United Kingdom,London,433,City centre,Wimbledon Park Underground Station,Earl\u0027s Court,3,308,4,Hotel
7349,113,1,15-50% offer,2017,11,0,0,1,1,London,3,3.5,3.5,United Kingdom,London,195,City centre,Wimbledon Park Underground Station,Earl\u0027s Court,4,659,4,Hotel
7354,221,1,15-50% offer,2017,11,0,0,1,1,London,2.9,3.5,4.5,United Kingdom,London,74,City centre,Wimbledon Park Underground Station,Earl\u0027s Court,4.5,268,4.1,Hotel
7357,178,1,15-50% offer,2017,11,0,0,1,0,London,2.6,4,4,United Kingdom,London,1144,City centre,Wimbledon Park Underground Station,Earl\u0027s Court,3.5,4174,4.1,Hotel
7361,277,0,0% no offer,2017,11,0,0,1,0,London,1.2,4,4,United Kingdom,London,992,City centre,Wimbledon Park Underground Station,Euston,4,4678,6.7,Hotel
7365,116,1,15-50% offer,2017,11,0,0,1,1,London,1.2,3,2.2,United Kingdom,London,142,City centre,Wimbledon Park Underground Station,Euston,2,224,6.7,Hotel
7370,221,1,1-15% offer,2017,11,0,0,1,0,London,4.1,4,4,United Kingdom,London,1094,City centre,Wimbledon Park Underground Station,Hammersmith and Fulham,4,3821,4.1,Hotel
7371,99,1,15-50% offer,2017,11,0,0,1,1,London,4.1,3,3.4,United Kingdom,London,191,City centre,Wimbledon Park Underground Station,Hammersmith and Fulham,3.5,478,4.5,Hotel
7374,97,1,15-50% offer,2017,11,0,0,1,1,London,4.1,3,3.4,United Kingdom,London,74,City centre,Wimbledon Park Underground Station,Hammersmith and Fulham,3,69,4.5,Hotel
7376,115,1,1-15% offer,2017,11,0,0,1,1,London,4.1,3,2.7,United Kingdom,London,154,City centre,Wimbledon Park Underground Station,Hammersmith and Fulham,3,167,4.6,Hotel
7378,113,1,15-50% offer,2017,11,0,0,1,1,London,4.1,3,2.9,United Kingdom,London,225,City centre,Wimbledon Park Underground Station,Hammersmith and Fulham,2.5,253,4.5,Hotel
7379,207,1,15-50% offer,2017,11,0,0,1,0,London,4.6,3,4.3,United Kingdom,London,357,City centre,Wimbledon Park Underground Station,Hammersmith and Fulham,4,1109,4.2,Hotel
7380,216,1,15-50% offer,2017,11,0,0,1,0,London,4,4,4.5,United Kingdom,London,216,City centre,Wimbledon Park Underground Station,Hammersmith and Fulham,4.5,526,4.1,Hotel
7387,166,1,50%-75% offer,2017,11,0,0,1,1,London,4.4,3,4.3,United Kingdom,London,57,City centre,Wimbledon Park Underground Station,Hammersmith and Fulham,4.5,164,4.3,Hotel
7388,168,1,15-50% offer,2017,11,0,0,1,0,London,4,3,4.1,United Kingdom,London,511,City centre,Wimbledon Park Underground Station,Hammersmith and Fulham,4.5,1979,4.7,Hotel
7390,101,1,15-50% offer,2017,11,0,0,1,0,London,4.1,3,3.2,United Kingdom,London,156,City centre,Wimbledon Park Underground Station,Hammersmith and Fulham,3,299,4.7,Hotel
7393,121,0,0% no offer,2017,11,0,0,1,1,London,5.1,3.5,3.7,United Kingdom,London,189,City centre,Wimbledon Park Underground Station,Hammersmith and Fulham,3.5,208,4.5,Hotel
7395,113,1,1-15% offer,2017,11,0,0,1,0,London,3.3,3,3,United Kingdom,London,148,City centre,Wimbledon Park Underground Station,Hammersmith and Fulham,2.5,312,3.2,Hotel
7396,128,1,15-50% offer,2017,11,0,0,1,0,London,4.4,3,4,United Kingdom,London,285,City centre,Wimbledon Park Underground Station,Hammersmith and Fulham,4,726,4.3,Hotel
7398,101,1,15-50% offer,2017,11,0,0,1,1,London,4.1,3,3.4,United Kingdom,London,157,City centre,Wimbledon Park Underground Station,Hammersmith and Fulham,3,303,4.7,Hotel
7402,223,1,15-50% offer,2017,11,0,0,1,0,London,6.6,4,4.3,United Kingdom,London,616,City centre,Wimbledon Park Underground Station,Hammersmith and Fulham,4.5,670,5.2,Hotel
7403,108,1,1-15% offer,2017,11,0,0,1,1,London,4.1,3,2.9,United Kingdom,London,271,City centre,Wimbledon Park Underground Station,Hammersmith and Fulham,3,573,4.6,Hotel
7404,119,1,1-15% offer,2017,11,0,0,1,0,London,5.4,3,4,United Kingdom,London,295,City centre,Wimbledon Park Underground Station,Hammersmith and Fulham,4,827,4.6,Hotel
7406,102,0,0% no offer,2017,11,0,0,1,1,London,4.1,3,3,United Kingdom,London,3,City centre,Wimbledon Park Underground Station,Hammersmith and Fulham,3,30,4.5,Hotel
7408,199,0,0% no offer,2017,11,0,0,1,0,London,4.5,4,3.7,United Kingdom,London,451,City centre,Wimbledon Park Underground Station,Hammersmith and Fulham,3.5,702,4.2,Hotel
7414,206,0,0% no offer,2017,11,0,0,1,0,London,3.3,4,4.3,United Kingdom,London,656,City centre,Wimbledon Park Underground Station,Hammersmith and Fulham,4.5,1523,2.8,Hotel
7417,248,1,15-50% offer,2017,11,0,0,1,1,London,3.9,4,4,United Kingdom,London,571,City centre,Wimbledon Park Underground Station,Hammersmith and Fulham,4,3054,4.8,Hotel
7419,156,1,15-50% offer,2017,11,0,0,1,0,London,4.1,3,4.3,United Kingdom,London,446,City centre,Wimbledon Park Underground Station,Hammersmith and Fulham,4,520,2,Hotel
7420,167,1,50%-75% offer,2017,11,0,0,1,0,London,3.2,4,4,United Kingdom,London,642,City centre,Wimbledon Park Underground Station,Hammersmith and Fulham,4,2244,3.2,Hotel
7426,178,1,50%-75% offer,2017,11,0,0,1,0,London,3.6,3,4,United Kingdom,London,361,City centre,Wimbledon Park Underground Station,Hampstead,4,1159,7.9,Hotel
7427,156,1,15-50% offer,2017,11,0,0,1,0,London,3.2,3.5,3.7,United Kingdom,London,89,City centre,Wimbledon Park Underground Station,Hampstead,3.5,132,8.1,Hotel
7437,156,0,0% no offer,2017,11,0,0,1,0,London,3.2,3,4,United Kingdom,London,76,City centre,Wimbledon Park Underground Station,Hampstead,3.5,685,7.7,Hotel
7440,177,0,0% no offer,2017,11,0,0,1,0,London,3.7,3,4.1,United Kingdom,London,84,City centre,Wimbledon Park Underground Station,Hampstead,3.5,209,8,Hotel
7442,129,1,15-50% offer,2017,11,0,0,1,1,London,3.9,3.5,2.5,United Kingdom,London,43,City centre,Wimbledon Park Underground Station,Hampstead,3,61,8.4,Hotel
7447,129,1,1-15% offer,2017,11,0,0,1,0,London,3,3,2.7,United Kingdom,London,299,City centre,Wimbledon Park Underground Station,Hampstead,2.5,1054,7.8,Hotel
7482,229,1,15-50% offer,2017,11,0,0,1,0,London,2.5,4,4.5,United Kingdom,London,953,City centre,Wimbledon Park Underground Station,Kensington,4.5,2490,4.2,Hotel
7483,254,1,15-50% offer,2017,11,0,0,1,0,London,2.4,4,4,United Kingdom,London,895,City centre,Wimbledon Park Underground Station,Kensington,3.5,931,4.1,Hotel
7487,79,1,15-50% offer,2017,11,0,0,1,0,London,3.7,3,2.7,United Kingdom,London,267,City centre,Wimbledon Park Underground Station,Kensington,2.5,446,4.7,Hotel
7491,177,1,1-15% offer,2017,11,0,0,1,0,London,3,3,4,United Kingdom,London,285,City centre,Wimbledon Park Underground Station,Kensington,4,702,4.2,Hotel
7492,261,1,15-50% offer,2017,11,0,0,1,0,London,2.5,4,4.4,United Kingdom,London,859,City centre,Wimbledon Park Underground Station,Kensington,4.5,771,4.2,Hotel
7494,491,0,0% no offer,2017,11,0,0,1,1,London,2.3,4,4.8,United Kingdom,London,29,City centre,Wimbledon Park Underground Station,Kensington,4.5,438,4.2,Hotel
7495,116,1,15-50% offer,2017,11,0,0,1,1,London,3.7,3,3.9,United Kingdom,London,275,City centre,Wimbledon Park Underground Station,Kensington,4,1586,4,Hotel
7497,194,1,15-50% offer,2017,11,0,0,1,0,London,3.7,4,3.9,United Kingdom,London,1121,City centre,Wimbledon Park Underground Station,Kensington,3.5,4320,4.9,Hotel
7498,186,1,15-50% offer,2017,11,0,0,1,1,London,2.9,4,4.1,United Kingdom,London,248,City centre,Wimbledon Park Underground Station,Kensington,4,638,4.2,Hotel
7499,270,1,15-50% offer,2017,11,0,0,1,0,London,2.3,4,4.3,United Kingdom,London,281,City centre,Wimbledon Park Underground Station,Kensington,4.5,1568,4.6,Hotel
7505,176,0,0% no offer,2017,11,0,0,1,0,London,3,4,3.7,United Kingdom,London,223,City centre,Wimbledon Park Underground Station,Kensington,3.5,445,4.5,Hotel
7509,147,1,15-50% offer,2017,11,0,0,1,0,London,3.5,3,4,United Kingdom,London,963,City centre,Wimbledon Park Underground Station,Kensington,4,1655,3.6,Hotel
7510,164,0,0% no offer,2017,11,0,0,1,1,London,2.3,3,2.7,United Kingdom,London,140,City centre,Wimbledon Park Underground Station,Kensington,2.5,263,4.2,Hotel
7511,103,1,15-50% offer,2017,11,0,0,1,1,London,3.5,3,2.7,United Kingdom,London,125,City centre,Wimbledon Park Underground Station,Kensington,2,350,4.4,Hotel
7513,198,1,15-50% offer,2017,11,0,0,1,0,London,3.5,4,3.5,United Kingdom,London,417,City centre,Wimbledon Park Underground Station,Kensington,3.5,2656,4.3,Hotel
7515,197,1,15-50% offer,2017,11,0,0,1,0,London,2.6,4,3.9,United Kingdom,London,2526,City centre,Wimbledon Park Underground Station,Kensington,4,4616,4.1,Hotel
7516,199,1,15-50% offer,2017,11,0,0,1,0,London,2.4,4,3.9,United Kingdom,London,127,City centre,Wimbledon Park Underground Station,Kensington,3.5,775,4.3,Hotel
7518,94,1,15-50% offer,2017,11,0,0,1,1,London,3.2,3,2.2,United Kingdom,London,249,City centre,Wimbledon Park Underground Station,Kensington,2,445,4,Hotel
7519,118,1,15-50% offer,2017,11,0,0,1,0,London,3.4,3,3.7,United Kingdom,London,717,City centre,Wimbledon Park Underground Station,Kensington,3.5,4501,3.6,Hotel
7522,159,0,0% no offer,2017,11,0,0,1,0,London,2.5,3,3.9,United Kingdom,London,106,City centre,Wimbledon Park Underground Station,Kensington,3.5,809,4.3,Hotel
7523,129,1,15-50% offer,2017,11,0,0,1,1,London,2.4,3,3.7,United Kingdom,London,192,City centre,Wimbledon Park Underground Station,Kensington,3.5,848,4.3,Hotel
7524,255,0,0% no offer,2017,11,0,0,1,0,London,2.5,4,4,United Kingdom,London,633,City centre,Wimbledon Park Underground Station,Kensington,4,3940,4.3,Hotel
7535,156,1,50%-75% offer,2017,11,0,0,1,0,London,2.8,4,3.9,United Kingdom,London,2404,City centre,Wimbledon Park Underground Station,Kensington,3.5,6512,4.5,Hotel
7539,177,1,15-50% offer,2017,11,0,0,1,0,London,2.8,4,3.5,United Kingdom,London,1810,City centre,Wimbledon Park Underground Station,Kensington,3.5,4265,4.5,Hotel
7541,156,0,0% no offer,2017,11,0,0,1,1,London,1.5,3,3.2,United Kingdom,London,77,City centre,Wimbledon Park Underground Station,Kings Cross,3.5,2515,7.4,Hotel
7542,256,1,15-50% offer,2017,11,0,0,1,0,London,1.3,4,3.7,United Kingdom,London,400,City centre,Wimbledon Park Underground Station,Kings Cross,3.5,2122,7,Hotel
7543,267,1,15-50% offer,2017,11,0,0,1,0,London,1.3,4,3.5,United Kingdom,London,361,City centre,Wimbledon Park Underground Station,Kings Cross,3.5,2227,7,Hotel
7553,367,1,15-50% offer,2017,11,0,0,1,0,London,1.5,4,4.5,United Kingdom,London,861,City centre,Wimbledon Park Underground Station,Kings Cross St. Pancras,4.5,4325,7.2,Hotel
7557,123,1,50%-75% offer,2017,11,0,0,1,0,London,1.5,3,3.9,United Kingdom,London,879,City centre,Wimbledon Park Underground Station,Kings Cross St. Pancras,4,2029,7.3,Hotel
7558,92,1,1-15% offer,2017,11,0,0,1,0,London,1.6,3,2.9,United Kingdom,London,166,City centre,Wimbledon Park Underground Station,Kings Cross St. Pancras,2.5,251,7.5,Hotel
7560,89,1,50%-75% offer,2017,11,0,0,1,0,London,1.5,3,2.5,United Kingdom,London,368,City centre,Wimbledon Park Underground Station,Kings Cross St. Pancras,2.5,554,7.3,Hotel
7563,117,1,15-50% offer,2017,11,0,0,1,1,London,1.5,3,3.5,United Kingdom,London,200,City centre,Wimbledon Park Underground Station,Kings Cross St. Pancras,4.5,1768,7.3,Hotel
7564,114,1,15-50% offer,2017,11,0,0,1,1,London,1.5,3,2.5,United Kingdom,London,59,City centre,Wimbledon Park Underground Station,Kings Cross St. Pancras,3,293,7.3,Hotel
7565,164,1,1-15% offer,2017,11,0,0,1,0,London,1.5,3,3.5,United Kingdom,London,883,City centre,Wimbledon Park Underground Station,Kings Cross St. Pancras,3.5,934,7.4,Hotel
7566,124,1,15-50% offer,2017,11,0,0,1,1,London,1.5,3,3.5,United Kingdom,London,348,City centre,Wimbledon Park Underground Station,Kings Cross St. Pancras,4,391,7.3,Hotel
7568,110,1,1-15% offer,2017,11,0,0,1,1,London,1.5,3,3.5,United Kingdom,London,350,City centre,Wimbledon Park Underground Station,Kings Cross St. Pancras,4,233,7.3,Hotel
7570,132,1,15-50% offer,2017,11,0,0,1,0,London,1.5,3,2.9,United Kingdom,London,51,City centre,Wimbledon Park Underground Station,Kings Cross St. Pancras,3.5,445,7.3,Hotel
7571,147,1,15-50% offer,2017,11,0,0,1,0,London,1.5,3,3.7,United Kingdom,London,874,City centre,Wimbledon Park Underground Station,Kings Cross St. Pancras,4,2041,7.3,Hotel
7580,307,1,15-50% offer,2017,11,0,0,1,0,London,1.8,4,4.4,United Kingdom,London,2012,City centre,Wimbledon Park Underground Station,Kings Cross St. Pancras,4.5,2037,7.7,Hotel
7581,147,0,0% no offer,2017,11,0,0,1,1,London,1.5,3,4,United Kingdom,London,138,City centre,Wimbledon Park Underground Station,Kings Cross St. Pancras,4.5,50,7.4,Hotel
7585,168,1,50%-75% offer,2017,11,0,0,1,0,London,1.6,3,3.2,United Kingdom,London,763,City centre,Wimbledon Park Underground Station,Kings Cross St. Pancras,3,776,7.4,Hotel
7586,309,1,15-50% offer,2017,11,0,0,1,0,London,1.6,4,4.4,United Kingdom,London,465,City centre,Wimbledon Park Underground Station,Kings Cross St. Pancras,4.5,2553,7.4,Hotel
7596,251,1,15-50% offer,2017,11,0,0,1,1,London,2,4,4.3,United Kingdom,London,1216,City centre,Wimbledon Park Underground Station,Knightsbridge,4,2742,4.4,Hotel
7599,164,1,15-50% offer,2017,11,0,0,1,1,London,1.5,3,2.4,United Kingdom,London,158,City centre,Wimbledon Park Underground Station,Knightsbridge,2,172,4.9,Hotel
7600,305,1,15-50% offer,2017,11,0,0,1,0,London,1.5,4,3.7,United Kingdom,London,273,City centre,Wimbledon Park Underground Station,Knightsbridge,4,1333,4.8,Hotel
7605,380,1,15-50% offer,2017,11,0,0,1,1,London,1.5,4,4.5,United Kingdom,London,77,City centre,Wimbledon Park Underground Station,Knightsbridge,4.5,442,4.8,Hotel
7607,246,1,15-50% offer,2017,11,0,0,1,1,London,1.7,4,4.4,United Kingdom,London,113,City centre,Wimbledon Park Underground Station,Knightsbridge,4.5,752,4.6,Hotel
7616,248,1,1-15% offer,2017,11,0,0,1,0,London,1.3,3,3.7,United Kingdom,London,133,City centre,Wimbledon Park Underground Station,Lillington and Longmoore Gardens,3.5,659,4.7,Hotel
7617,164,1,15-50% offer,2017,11,0,0,1,1,London,1.3,3,3.9,United Kingdom,London,463,City centre,Wimbledon Park Underground Station,Lillington and Longmoore Gardens,4,619,4.7,Hotel
7619,155,0,0% no offer,2017,11,0,0,1,0,London,1.3,3,3,United Kingdom,London,198,City centre,Wimbledon Park Underground Station,Lillington and Longmoore Gardens,3,1016,4.7,Hotel
7625,189,0,0% no offer,2017,11,0,0,1,1,London,1.3,3,3.7,United Kingdom,London,39,City centre,Wimbledon Park Underground Station,Lillington and Longmoore Gardens,3.5,1083,4.7,Hotel
7627,201,1,15-50% offer,2017,11,0,0,1,1,London,1.3,3.5,4.4,United Kingdom,London,573,City centre,Wimbledon Park Underground Station,Lillington and Longmoore Gardens,4.5,1416,4.7,Hotel
7628,177,0,0% no offer,2017,11,0,0,1,1,London,1.3,3,3.7,United Kingdom,London,179,City centre,Wimbledon Park Underground Station,Lillington and Longmoore Gardens,3.5,779,4.7,Hotel
7633,301,1,15-50% offer,2017,11,0,0,1,0,London,7,4,4.4,United Kingdom,London,724,City centre,Wimbledon Park Underground Station,London,4,1890,11,Hotel
7634,274,1,15-50% offer,2017,11,0,0,1,0,London,1.5,4,4,United Kingdom,London,1059,City centre,Wimbledon Park Underground Station,London,3.5,3095,7.4,Hotel
7635,166,1,15-50% offer,2017,11,0,0,1,0,London,6,3,3.7,United Kingdom,London,497,City centre,Wimbledon Park Underground Station,London,3.5,948,11,Hotel
7639,184,0,0% no offer,2017,11,0,0,1,1,London,1.5,3,4,United Kingdom,London,14,City centre,Wimbledon Park Underground Station,London,NA,NA,7.4,Hotel
7642,137,0,0% no offer,2017,11,0,0,1,0,London,7.3,3.5,4.5,United Kingdom,London,103,City centre,Wimbledon Park Underground Station,London,3.5,138,12,Hotel
7644,211,1,15-50% offer,2017,11,0,0,1,0,London,7.4,3,4,United Kingdom,London,545,City centre,Wimbledon Park Underground Station,London,4,615,12,Hotel
7647,249,1,15-50% offer,2017,11,0,0,1,0,London,1.1,3,3.9,United Kingdom,London,641,City centre,Wimbledon Park Underground Station,London,4,1062,6.5,Hotel
7652,127,0,0% no offer,2017,11,0,0,1,1,London,3.7,3,3.7,United Kingdom,London,17,City centre,Wimbledon Park Underground Station,London,4,11,9.6,Hotel
7654,69,0,0% no offer,2017,11,0,0,1,1,London,3.2,3,3.4,United Kingdom,London,443,City centre,Wimbledon Park Underground Station,London,3,1715,6,Hotel
7657,233,1,15-50% offer,2017,11,0,0,1,0,London,1,4,4.1,United Kingdom,London,837,City centre,Wimbledon Park Underground Station,London,4,2996,5.4,Hotel
7663,392,1,15-50% offer,2017,11,0,0,1,0,London,1.4,4,4.5,United Kingdom,London,243,City centre,Wimbledon Park Underground Station,London,4.5,560,7.2,Hotel
7664,401,0,0% no offer,2017,11,0,0,1,0,London,2.6,4,4,United Kingdom,London,360,City centre,Wimbledon Park Underground Station,London,4.5,730,7.9,Hotel
7666,50,1,15-50% offer,2017,11,0,0,1,0,London,6.7,3,2.7,United Kingdom,London,307,City centre,Wimbledon Park Underground Station,London,2.5,1381,5.2,Hotel
7670,256,1,15-50% offer,2017,11,0,0,1,1,London,1.3,4,3.9,United Kingdom,London,169,City centre,Wimbledon Park Underground Station,London,3.5,89,7.2,Hotel
7682,140,1,15-50% offer,2017,11,0,0,1,0,London,5,4,4,United Kingdom,London,653,City centre,Wimbledon Park Underground Station,London,4,1365,8.4,Hotel
7686,86,1,15-50% offer,2017,11,0,0,1,0,London,3.8,3,2.5,United Kingdom,London,41,City centre,Wimbledon Park Underground Station,London,2.5,186,9.5,Hotel
7687,83,0,0% no offer,2017,11,0,0,1,1,London,8.8,3,3.2,United Kingdom,London,158,City centre,Wimbledon Park Underground Station,London,3,298,7.5,Hotel
7688,137,1,15-50% offer,2017,11,0,0,1,1,London,4.4,3.5,4.4,United Kingdom,London,52,City centre,Wimbledon Park Underground Station,London,4.5,151,1.6,Hotel
7693,153,1,15-50% offer,2017,11,0,0,1,1,London,1.9,3.5,4,United Kingdom,London,21,City centre,Wimbledon Park Underground Station,London,3.5,24,4.5,Hotel
7694,121,0,0% no offer,2017,11,0,0,1,0,London,5.9,3,3.2,United Kingdom,London,53,City centre,Wimbledon Park Underground Station,London,3.5,139,9.4,Hotel
7695,223,1,15-50% offer,2017,11,0,0,1,0,London,0.9,3,4.5,United Kingdom,London,2510,City centre,Wimbledon Park Underground Station,London,4.5,2922,6,Hotel
7696,74,0,0% no offer,2017,11,0,0,1,1,London,2.4,3,3.2,United Kingdom,London,63,City centre,Wimbledon Park Underground Station,London,3,267,5.5,Hotel
7703,196,1,15-50% offer,2017,11,0,0,1,0,London,5.3,4,4.3,United Kingdom,London,730,City centre,Wimbledon Park Underground Station,London,4,1935,8.5,Hotel
7704,210,1,1-15% offer,2017,11,0,0,1,0,London,1.1,4,4,United Kingdom,London,1557,City centre,Wimbledon Park Underground Station,London,4,5455,5.2,Hotel
7707,106,1,15-50% offer,2017,11,0,0,1,1,London,1.8,3,3.4,United Kingdom,London,64,City centre,Wimbledon Park Underground Station,London,3,201,5.8,Hotel
7709,326,1,15-50% offer,2017,11,0,0,1,0,London,1.5,4,4.4,United Kingdom,London,652,City centre,Wimbledon Park Underground Station,London,4,1535,7.3,Hotel
7713,115,1,1-15% offer,2017,11,0,0,1,0,London,2.4,3,3.5,United Kingdom,London,157,City centre,Wimbledon Park Underground Station,London,3.5,341,6.4,Hotel
7718,102,1,1-15% offer,2017,11,0,0,1,1,London,3.6,3,3.7,United Kingdom,London,37,City centre,Wimbledon Park Underground Station,London,4,26,6.5,Hotel
7720,137,1,1-15% offer,2017,11,0,0,1,1,London,8.3,4,4.4,United Kingdom,London,141,City centre,Wimbledon Park Underground Station,London,4.5,695,7.5,Hotel
7723,166,1,15-50% offer,2017,11,0,0,1,0,London,7,4,4.1,United Kingdom,London,271,City centre,Wimbledon Park Underground Station,London,4,1986,6.6,Hotel
7725,270,1,15-50% offer,2017,11,0,0,1,0,London,1.3,4,4.5,United Kingdom,London,690,City centre,Wimbledon Park Underground Station,London,4.5,3408,6.5,Hotel
7727,235,1,1-15% offer,2017,11,0,0,1,1,London,1.5,3,3.9,United Kingdom,London,202,City centre,Wimbledon Park Underground Station,London,4,738,6.5,Hotel
7728,165,1,15-50% offer,2017,11,0,0,1,0,London,6.6,3,3.7,United Kingdom,London,244,City centre,Wimbledon Park Underground Station,London,3.5,657,1.5,Hotel
7729,392,0,0% no offer,2017,11,0,0,1,0,London,2,3.5,4.5,United Kingdom,London,11,City centre,Wimbledon Park Underground Station,London,4.5,30,6.7,Hotel
7731,113,1,15-50% offer,2017,11,0,0,1,0,London,6,3,4.4,United Kingdom,London,29,City centre,Wimbledon Park Underground Station,London,4,161,1.1,Hotel
7733,49,1,50%-75% offer,2017,11,0,0,1,1,London,6.2,3,3.5,United Kingdom,London,138,City centre,Wimbledon Park Underground Station,London,3.5,83,11,Hotel
7741,145,1,1-15% offer,2017,11,0,0,1,0,London,6.7,3,3.9,United Kingdom,London,162,City centre,Wimbledon Park Underground Station,London,4,550,1.1,Hotel
7744,172,1,1-15% offer,2017,11,0,0,1,1,London,7.7,4,4.4,United Kingdom,London,510,City centre,Wimbledon Park Underground Station,London,4.5,399,7,Hotel
7746,216,1,50%-75% offer,2017,11,0,0,1,0,London,4,4,4,United Kingdom,London,743,City centre,Wimbledon Park Underground Station,London,4,1906,8.6,Hotel
7749,208,1,15-50% offer,2017,11,0,0,1,0,London,6.7,3,3.5,United Kingdom,London,599,City centre,Wimbledon Park Underground Station,London,3.5,1537,11,Hotel
7752,205,1,75%+ offer,2017,11,0,0,1,0,London,1.1,4,4.1,United Kingdom,London,288,City centre,Wimbledon Park Underground Station,London,4.5,3261,6,Hotel
7754,115,0,0% no offer,2017,11,0,0,1,1,London,2.8,3,4.1,United Kingdom,London,143,City centre,Wimbledon Park Underground Station,London,4.5,433,5.4,Hotel
7755,223,1,15-50% offer,2017,11,0,0,1,0,London,1,3,4.3,United Kingdom,London,261,City centre,Wimbledon Park Underground Station,London,4,1095,6.5,Hotel
7757,119,1,15-50% offer,2017,11,0,0,1,1,London,1.3,3,3.2,United Kingdom,London,222,City centre,Wimbledon Park Underground Station,London,4,595,6.1,Hotel
7761,126,1,15-50% offer,2017,11,0,0,1,0,London,5.5,3,4,United Kingdom,London,420,City centre,Wimbledon Park Underground Station,London,4,1213,8.8,Hotel
7768,124,0,0% no offer,2017,11,0,0,1,1,London,4.2,3,3.7,United Kingdom,London,232,City centre,Wimbledon Park Underground Station,London,3.5,221,10,Hotel
7774,90,1,15-50% offer,2017,11,0,0,1,1,London,1.6,3,2.7,United Kingdom,London,59,City centre,Wimbledon Park Underground Station,London,2.5,155,5.8,Hotel
7777,185,1,15-50% offer,2017,11,0,0,1,1,London,2,4,4.4,United Kingdom,London,415,City centre,Wimbledon Park Underground Station,London,4.5,2419,3.9,Hotel
7779,165,1,50%-75% offer,2017,11,0,0,1,0,London,6.9,3,3.7,United Kingdom,London,440,City centre,Wimbledon Park Underground Station,London,4,427,11,Hotel
7781,127,0,0% no offer,2017,11,0,0,1,1,London,3.1,3,3,United Kingdom,London,131,City centre,Wimbledon Park Underground Station,London,2.5,83,9,Hotel
7788,171,1,15-50% offer,2017,11,0,0,1,0,London,5.9,4,4,United Kingdom,London,322,City centre,Wimbledon Park Underground Station,London,4,739,6.6,Hotel
7792,258,0,0% no offer,2017,11,0,0,1,0,London,2.2,4,4.5,United Kingdom,London,565,City centre,Wimbledon Park Underground Station,London,4.5,1317,7.4,Hotel
7793,182,1,15-50% offer,2017,11,0,0,1,1,London,3.3,4,3.7,United Kingdom,London,1256,City centre,Wimbledon Park Underground Station,London,3.5,1356,9,Hotel
7794,220,0,0% no offer,2017,11,0,0,1,0,London,2.7,3.5,4.3,United Kingdom,London,198,City centre,Wimbledon Park Underground Station,London,4.5,3288,8,Hotel
7795,127,0,0% no offer,2017,11,0,0,1,1,London,2.7,3,3,United Kingdom,London,196,City centre,Wimbledon Park Underground Station,London,3,208,8.4,Hotel
7797,111,1,1-15% offer,2017,11,0,0,1,1,London,7,3,4,United Kingdom,London,60,City centre,Wimbledon Park Underground Station,London,4,116,1.1,Hotel
7802,263,1,15-50% offer,2017,11,0,0,1,0,London,1,4,4.4,United Kingdom,London,806,City centre,Wimbledon Park Underground Station,London,4.5,2317,6.4,Hotel
7803,224,1,1-15% offer,2017,11,0,0,1,0,London,1,3,4.1,United Kingdom,London,1265,City centre,Wimbledon Park Underground Station,London,4,3392,6.4,Hotel
7804,361,1,50%-75% offer,2017,11,0,0,1,1,London,1.5,4,4.5,United Kingdom,London,24,City centre,Wimbledon Park Underground Station,London,4.5,96,7.4,Hotel
7805,194,1,15-50% offer,2017,11,0,0,1,1,London,2.9,3.5,3.7,United Kingdom,London,146,City centre,Wimbledon Park Underground Station,London,4,249,8.2,Hotel
7807,237,1,15-50% offer,2017,11,0,0,1,0,London,3.1,4,4.3,United Kingdom,London,534,City centre,Wimbledon Park Underground Station,London,4.5,829,8.2,Hotel
7814,83,1,15-50% offer,2017,11,0,0,1,0,London,6.2,3,3.2,United Kingdom,London,39,City centre,Wimbledon Park Underground Station,London,3.5,47,6,Hotel
7816,164,1,15-50% offer,2017,11,0,0,1,0,London,4.8,4,3.9,United Kingdom,London,164,City centre,Wimbledon Park Underground Station,London,4,1341,1.6,Hotel
7819,315,1,1-15% offer,2017,11,0,0,1,0,London,1.4,4,4.4,United Kingdom,London,1444,City centre,Wimbledon Park Underground Station,London,4,2187,6.6,Hotel
7820,143,1,15-50% offer,2017,11,0,0,1,0,London,1,3,3.7,United Kingdom,London,943,City centre,Wimbledon Park Underground Station,London,4,2674,5.7,Hotel
7822,148,1,1-15% offer,2017,11,0,0,1,0,London,7.1,3.5,4.3,United Kingdom,London,133,City centre,Wimbledon Park Underground Station,London,4.5,408,6.9,Hotel
7830,240,1,15-50% offer,2017,11,0,0,1,0,London,0.9,4,4.5,United Kingdom,London,932,City centre,Wimbledon Park Underground Station,London,4.5,1185,5.7,Hotel
7831,166,1,1-15% offer,2017,11,0,0,1,0,London,6.8,4,4.5,United Kingdom,London,102,City centre,Wimbledon Park Underground Station,London,4.5,323,7.3,Hotel
7836,87,1,50%-75% offer,2017,11,0,0,1,0,London,5.1,4,3.9,United Kingdom,London,392,City centre,Wimbledon Park Underground Station,London,3.5,823,8.9,Hotel
7838,141,0,0% no offer,2017,11,0,0,1,0,London,8.5,3,4.5,United Kingdom,London,89,City centre,Wimbledon Park Underground Station,London,4.5,200,7.5,Hotel
7846,274,1,15-50% offer,2017,11,0,0,1,0,London,1.2,4,4.1,United Kingdom,London,623,City centre,Wimbledon Park Underground Station,London,4,2030,6.5,Hotel
7850,162,0,0% no offer,2017,11,0,0,1,0,London,5.9,3.5,NA,United Kingdom,London,NA,City centre,Wimbledon Park Underground Station,London,NA,NA,11,Hotel
7851,175,1,15-50% offer,2017,11,0,0,1,0,London,2.1,3.5,3.9,United Kingdom,London,306,City centre,Wimbledon Park Underground Station,London,4,361,7.8,Hotel
7852,68,1,15-50% offer,2017,11,0,0,1,0,London,3.7,3,2.9,United Kingdom,London,126,City centre,Wimbledon Park Underground Station,London,2.5,751,2.8,Hotel
7853,223,1,15-50% offer,2017,11,0,0,1,0,London,0.8,3,3.7,United Kingdom,London,273,City centre,Wimbledon Park Underground Station,London,4,543,6.1,Hotel
7855,216,1,15-50% offer,2017,11,0,0,1,0,London,6.1,3.5,4.1,United Kingdom,London,317,City centre,Wimbledon Park Underground Station,London,4,1240,9.9,Hotel
7857,304,1,50%-75% offer,2017,11,0,0,1,0,London,1.5,4,4.5,United Kingdom,London,70,City centre,Wimbledon Park Underground Station,London,4.5,892,7.4,Hotel
7858,224,0,0% no offer,2017,11,0,0,1,0,London,1.9,3.5,4.1,United Kingdom,London,210,City centre,Wimbledon Park Underground Station,London,4,403,4.5,Hotel
7862,215,1,15-50% offer,2017,11,0,0,1,0,London,6.5,3,4,United Kingdom,London,719,City centre,Wimbledon Park Underground Station,London,4,2082,11,Hotel
7863,113,1,15-50% offer,2017,11,0,0,1,1,London,2,3,3.5,United Kingdom,London,120,City centre,Wimbledon Park Underground Station,London,3.5,263,4.9,Hotel
7864,59,1,15-50% offer,2017,11,0,0,1,0,London,3.7,3,2.5,United Kingdom,London,224,City centre,Wimbledon Park Underground Station,London,2.5,1030,2.7,Hotel
7871,258,1,15-50% offer,2017,11,0,0,1,0,London,2.1,4,4,United Kingdom,London,255,City centre,Wimbledon Park Underground Station,London,4,1365,6.7,Hotel
7872,93,0,0% no offer,2017,11,0,0,1,1,London,5.1,3,3,United Kingdom,London,7,City centre,Wimbledon Park Underground Station,London,4,387,8.2,Hotel
7874,244,1,50%-75% offer,2017,11,0,0,1,0,London,5.2,4,4.4,United Kingdom,London,378,City centre,Wimbledon Park Underground Station,London,4.5,1805,8.2,Hotel
7875,231,1,15-50% offer,2017,11,0,0,1,0,London,1.9,3,3.5,United Kingdom,London,541,City centre,Wimbledon Park Underground Station,London,3,3172,7.8,Hotel
7886,137,1,15-50% offer,2017,11,0,0,1,0,London,7.4,3,4.1,United Kingdom,London,222,City centre,Wimbledon Park Underground Station,London,4.5,1013,8,Hotel
7887,86,0,0% no offer,2017,11,0,0,1,1,London,7.3,3,3.7,United Kingdom,London,38,City centre,Wimbledon Park Underground Station,London,3.5,714,11,Hotel
7889,176,1,15-50% offer,2017,11,0,0,1,0,London,5.5,4,4,United Kingdom,London,348,City centre,Wimbledon Park Underground Station,London,4,1428,8.9,Hotel
7890,214,1,1-15% offer,2017,11,0,0,1,0,London,3.4,4,4.5,United Kingdom,London,271,City centre,Wimbledon Park Underground Station,London,4,1484,2.6,Hotel
7892,195,1,15-50% offer,2017,11,0,0,1,1,London,7.2,3,4.1,United Kingdom,London,157,City centre,Wimbledon Park Underground Station,London,4.5,320,12,Hotel
7893,94,0,0% no offer,2017,11,0,0,1,1,London,7,3,NA,United Kingdom,London,NA,City centre,Wimbledon Park Underground Station,London,3.5,648,8,Hotel
7898,207,0,0% no offer,2017,11,0,0,1,1,London,6.3,4,4,United Kingdom,London,185,City centre,Wimbledon Park Underground Station,London,4,344,11,Hotel
7899,178,1,15-50% offer,2017,11,0,0,1,1,London,6.6,4,4.5,United Kingdom,London,1026,City centre,Wimbledon Park Underground Station,London,4.5,2800,11,Hotel
7926,157,1,1-15% offer,2017,11,0,0,1,0,London,5.8,3,4.1,United Kingdom,London,314,City centre,Wimbledon Park Underground Station,London,4,982,6.6,Hotel
7932,175,1,15-50% offer,2017,11,0,0,1,0,London,7.2,4,4,United Kingdom,London,95,City centre,Wimbledon Park Underground Station,London,4,655,1.4,Hotel
7933,166,1,15-50% offer,2017,11,0,0,1,0,London,7.3,4,4.1,United Kingdom,London,174,City centre,Wimbledon Park Underground Station,London,4,935,7.7,Hotel
7934,266,1,15-50% offer,2017,11,0,0,1,0,London,6.4,4,4.3,United Kingdom,London,334,City centre,Wimbledon Park Underground Station,London,4,1895,11,Hotel
7966,120,0,0% no offer,2017,11,0,0,1,1,London,3.2,3,3.7,United Kingdom,London,126,City centre,Wimbledon Park Underground Station,Maida Vale,3.5,157,6.9,Hotel
7967,206,1,15-50% offer,2017,11,0,0,1,0,London,2.3,4,4,United Kingdom,London,279,City centre,Wimbledon Park Underground Station,Maida Vale,4,626,6.7,Hotel
7972,313,1,15-50% offer,2017,11,0,0,1,1,London,1.4,4,4.3,United Kingdom,London,191,City centre,Wimbledon Park Underground Station,Marylebone,4.5,807,6.1,Hotel
7975,300,1,1-15% offer,2017,11,0,0,1,0,London,1.6,4,4,United Kingdom,London,375,City centre,Wimbledon Park Underground Station,Marylebone,4,2434,6.2,Hotel
7976,397,1,1-15% offer,2017,11,0,0,1,0,London,1.7,4,4,United Kingdom,London,269,City centre,Wimbledon Park Underground Station,Marylebone,4,1542,5.9,Hotel
7978,256,1,15-50% offer,2017,11,0,0,1,0,London,1.4,4,4,United Kingdom,London,154,City centre,Wimbledon Park Underground Station,Marylebone,4,687,5.8,Hotel
7980,223,0,0% no offer,2017,11,0,0,1,1,London,1.5,3.5,3.7,United Kingdom,London,59,City centre,Wimbledon Park Underground Station,Marylebone,3,123,6.3,Hotel
7981,161,0,0% no offer,2017,11,0,0,1,1,London,1.8,3,3.2,United Kingdom,London,63,City centre,Wimbledon Park Underground Station,Marylebone,3.5,417,6.4,Hotel
7982,217,1,15-50% offer,2017,11,0,0,1,1,London,1.8,3.5,3.9,United Kingdom,London,74,City centre,Wimbledon Park Underground Station,Marylebone,3.5,281,6.4,Hotel
7984,194,0,0% no offer,2017,11,0,0,1,1,London,1.4,3,3.4,United Kingdom,London,97,City centre,Wimbledon Park Underground Station,Marylebone,3.5,113,6.3,Hotel
7985,379,1,15-50% offer,2017,11,0,0,1,0,London,1.3,3.5,3.9,United Kingdom,London,285,City centre,Wimbledon Park Underground Station,Marylebone,4,1916,5.8,Hotel
7988,299,1,15-50% offer,2017,11,0,0,1,0,London,1.5,4,4.5,United Kingdom,London,114,City centre,Wimbledon Park Underground Station,Marylebone,4.5,537,6.1,Hotel
7989,218,0,0% no offer,2017,11,0,0,1,1,London,1.1,3,3.7,United Kingdom,London,297,City centre,Wimbledon Park Underground Station,Marylebone,3.5,690,6.4,Hotel
7991,340,1,1-15% offer,2017,11,0,0,1,0,London,1.4,4,4,United Kingdom,London,321,City centre,Wimbledon Park Underground Station,Marylebone,4,1497,5.9,Hotel
7994,194,1,15-50% offer,2017,11,0,0,1,1,London,1.5,3,4,United Kingdom,London,242,City centre,Wimbledon Park Underground Station,Marylebone,4,131,6.3,Hotel
7996,280,1,1-15% offer,2017,11,0,0,1,0,London,1.3,4,4,United Kingdom,London,163,City centre,Wimbledon Park Underground Station,Marylebone,4,516,6.1,Hotel
7997,446,1,15-50% offer,2017,11,0,0,1,1,London,1.4,4,4.8,United Kingdom,London,37,City centre,Wimbledon Park Underground Station,Marylebone,4.5,95,5.8,Hotel
8001,160,1,1-15% offer,2017,11,0,0,1,0,London,1.5,3,2.5,United Kingdom,London,186,City centre,Wimbledon Park Underground Station,Marylebone,2.5,343,5.8,Hotel
8002,344,0,0% no offer,2017,11,0,0,1,0,London,1,4,4,United Kingdom,London,502,City centre,Wimbledon Park Underground Station,Marylebone,4,1980,6,Hotel
8003,196,1,15-50% offer,2017,11,0,0,1,1,London,1.5,3.5,3.7,United Kingdom,London,188,City centre,Wimbledon Park Underground Station,Marylebone,3.5,300,6.4,Hotel
8004,383,1,15-50% offer,2017,11,0,0,1,1,London,1.7,4,4.5,United Kingdom,London,47,City centre,Wimbledon Park Underground Station,Marylebone,4.5,250,6.3,Hotel
8006,235,1,15-50% offer,2017,11,0,0,1,0,London,1.5,3,3.2,United Kingdom,London,23,City centre,Wimbledon Park Underground Station,Marylebone,3,120,5.8,Hotel
8009,368,1,50%-75% offer,2017,11,0,0,1,0,London,1.2,4,4.5,United Kingdom,London,264,City centre,Wimbledon Park Underground Station,Marylebone,4.5,3620,6.2,Hotel
8015,278,1,1-15% offer,2017,11,0,0,1,0,London,1.1,3.5,3.7,United Kingdom,London,408,City centre,Wimbledon Park Underground Station,Marylebone,3.5,1170,6.1,Hotel
8017,93,1,50%-75% offer,2017,11,0,0,1,1,London,1.8,3,2.2,United Kingdom,London,253,City centre,Wimbledon Park Underground Station,Marylebone,2.5,218,6.4,Hotel
8018,261,1,15-50% offer,2017,11,0,0,1,1,London,1.5,3,4,United Kingdom,London,238,City centre,Wimbledon Park Underground Station,Marylebone,4,683,6.3,Hotel
8021,303,1,15-50% offer,2017,11,0,0,1,0,London,1.4,4,4,United Kingdom,London,522,City centre,Wimbledon Park Underground Station,Marylebone,4,7017,6.7,Hotel
8023,384,1,15-50% offer,2017,11,0,0,1,0,London,1.3,4,4.4,United Kingdom,London,380,City centre,Wimbledon Park Underground Station,Marylebone,4.5,1775,5.8,Hotel
8024,303,1,1-15% offer,2017,11,0,0,1,0,London,1.2,4,4,United Kingdom,London,606,City centre,Wimbledon Park Underground Station,Marylebone,4,2347,6.5,Hotel
8026,233,1,15-50% offer,2017,11,0,0,1,0,London,1,4,3.5,United Kingdom,London,636,City centre,Wimbledon Park Underground Station,Marylebone,3.5,667,6.2,Hotel
8027,352,1,15-50% offer,2017,11,0,0,1,0,London,1.2,4,4.1,United Kingdom,London,239,City centre,Wimbledon Park Underground Station,Marylebone,4,2009,6,Hotel
8040,288,1,75%+ offer,2017,11,0,0,1,0,London,0.9,4,3.4,United Kingdom,London,370,City centre,Wimbledon Park Underground Station,Mayfair,3,1061,5.4,Hotel
8044,343,1,15-50% offer,2017,11,0,0,1,0,London,0.6,4,4,United Kingdom,London,885,City centre,Wimbledon Park Underground Station,Mayfair,4,2250,5.6,Hotel
8046,409,0,0% no offer,2017,11,0,0,1,0,London,0.8,4,4.5,United Kingdom,London,91,City centre,Wimbledon Park Underground Station,Mayfair,5,3304,5.5,Hotel
8053,303,1,15-50% offer,2017,11,0,0,1,1,London,0.8,4,3.7,United Kingdom,London,461,City centre,Wimbledon Park Underground Station,Mayfair,3.5,1111,5.5,Hotel
8055,432,1,15-50% offer,2017,11,0,0,1,0,London,0.8,4,4.1,United Kingdom,London,198,City centre,Wimbledon Park Underground Station,Mayfair,4.5,1826,5.5,Hotel
8058,338,1,15-50% offer,2017,11,0,0,1,0,London,0.5,4,4.4,United Kingdom,London,769,City centre,Wimbledon Park Underground Station,Mayfair,4.5,4057,5.7,Hotel
8063,288,1,15-50% offer,2017,11,0,0,1,0,London,0.8,4,3.5,United Kingdom,London,481,City centre,Wimbledon Park Underground Station,Mayfair,3.5,2342,5.5,Hotel
8072,102,1,15-50% offer,2017,11,0,0,1,0,London,3.4,4,3.2,United Kingdom,London,393,City centre,Wimbledon Park Underground Station,North Maida Vale,3,1000,7.1,Hotel
8073,200,1,15-50% offer,2017,11,0,0,1,0,London,3.3,4,4,United Kingdom,London,303,City centre,Wimbledon Park Underground Station,North Maida Vale,4,1197,7,Hotel
8077,362,1,15-50% offer,2017,11,0,0,1,1,London,3.3,3.5,4.3,United Kingdom,London,98,City centre,Wimbledon Park Underground Station,Notting Hill,4,186,5.4,Hotel
8081,158,1,15-50% offer,2017,11,0,0,1,0,London,2.8,4,3.2,United Kingdom,London,152,City centre,Wimbledon Park Underground Station,Notting Hill,4,1544,5.4,Hotel
8082,69,1,50%-75% offer,2017,11,0,0,1,0,London,2.8,3,2.9,United Kingdom,London,1439,City centre,Wimbledon Park Underground Station,Notting Hill,2.5,1169,5.5,Hotel
8093,100,1,15-50% offer,2017,11,0,0,1,0,London,2.1,3,3.2,United Kingdom,London,524,City centre,Wimbledon Park Underground Station,Paddington,2.5,581,5.6,Hotel
8094,143,1,15-50% offer,2017,11,0,0,1,1,London,2.7,3,4,United Kingdom,London,794,City centre,Wimbledon Park Underground Station,Paddington,4,1689,5.5,Hotel
8097,105,1,75%+ offer,2017,11,0,0,1,1,London,2.2,3,2.7,United Kingdom,London,167,City centre,Wimbledon Park Underground Station,Paddington,2.5,212,5.5,Hotel
8098,236,1,15-50% offer,2017,11,0,0,1,1,London,2.1,3,3,United Kingdom,London,378,City centre,Wimbledon Park Underground Station,Paddington,3.5,634,5.7,Hotel
8099,83,1,15-50% offer,2017,11,0,0,1,1,London,2,3,3,United Kingdom,London,255,City centre,Wimbledon Park Underground Station,Paddington,3,397,5.8,Hotel
8100,307,1,15-50% offer,2017,11,0,0,1,0,London,2.4,4,4,United Kingdom,London,492,City centre,Wimbledon Park Underground Station,Paddington,4,2001,5.3,Hotel
8101,153,1,15-50% offer,2017,11,0,0,1,1,London,2,3,3,United Kingdom,London,102,City centre,Wimbledon Park Underground Station,Paddington,1.5,6,5.8,Hotel
8104,94,1,50%-75% offer,2017,11,0,0,1,0,London,2,3,2.7,United Kingdom,London,284,City centre,Wimbledon Park Underground Station,Paddington,2.5,206,5.7,Hotel
8108,138,1,15-50% offer,2017,11,0,0,1,1,London,2,3,3.7,United Kingdom,London,587,City centre,Wimbledon Park Underground Station,Paddington,3,246,5.7,Hotel
8109,162,1,15-50% offer,2017,11,0,0,1,1,London,2,3,4,United Kingdom,London,363,City centre,Wimbledon Park Underground Station,Paddington,4.5,2203,5.7,Hotel
8112,242,0,0% no offer,2017,11,0,0,1,1,London,2.2,4,3.9,United Kingdom,London,361,City centre,Wimbledon Park Underground Station,Paddington,4,818,5.4,Hotel
8117,135,1,15-50% offer,2017,11,0,0,1,1,London,2,3,3.2,United Kingdom,London,316,City centre,Wimbledon Park Underground Station,Paddington,3,356,5.7,Hotel
8118,253,1,15-50% offer,2017,11,0,0,1,0,London,2.6,4,4,United Kingdom,London,92,City centre,Wimbledon Park Underground Station,Paddington,4,416,5.2,Hotel
8119,129,0,0% no offer,2017,11,0,0,1,1,London,2,3,3.7,United Kingdom,London,96,City centre,Wimbledon Park Underground Station,Paddington,3,238,5.7,Hotel
8120,95,1,50%-75% offer,2017,11,0,0,1,1,London,2.2,3,2.9,United Kingdom,London,346,City centre,Wimbledon Park Underground Station,Paddington,3,297,5.5,Hotel
8121,120,1,15-50% offer,2017,11,0,0,1,1,London,2,3,3,United Kingdom,London,214,City centre,Wimbledon Park Underground Station,Paddington,3,487,5.7,Hotel
8122,235,0,0% no offer,2017,11,0,0,1,0,London,2,3,4.3,United Kingdom,London,246,City centre,Wimbledon Park Underground Station,Paddington,4,274,5.7,Hotel
8124,164,0,0% no offer,2017,11,0,0,1,0,London,2,3,3.7,United Kingdom,London,136,City centre,Wimbledon Park Underground Station,Paddington,4,142,5.7,Hotel
8128,132,1,1-15% offer,2017,11,0,0,1,0,London,2,3,3.4,United Kingdom,London,29,City centre,Wimbledon Park Underground Station,Paddington,3.5,270,5.6,Hotel
8130,161,1,15-50% offer,2017,11,0,0,1,0,London,2,3,3.5,United Kingdom,London,165,City centre,Wimbledon Park Underground Station,Paddington,3.5,521,5.7,Hotel
8132,288,1,15-50% offer,2017,11,0,0,1,0,London,2.1,4,3.5,United Kingdom,London,346,City centre,Wimbledon Park Underground Station,Paddington,3.5,1512,5.7,Hotel
8134,128,0,0% no offer,2017,11,0,0,1,0,London,2,3,3,United Kingdom,London,256,City centre,Wimbledon Park Underground Station,Paddington,3,323,5.7,Hotel
8135,198,0,0% no offer,2017,11,0,0,1,0,London,2,3,3.7,United Kingdom,London,493,City centre,Wimbledon Park Underground Station,Paddington,4,1071,5.7,Hotel
8136,258,1,15-50% offer,2017,11,0,0,1,0,London,2.7,4,4.3,United Kingdom,London,773,City centre,Wimbledon Park Underground Station,Paddington,4,2179,5.2,Hotel
8143,319,1,15-50% offer,2017,11,0,0,1,0,London,2.1,4,4.3,United Kingdom,London,294,City centre,Wimbledon Park Underground Station,Paddington,4.5,1908,5.7,Hotel
8146,110,0,0% no offer,2017,11,0,0,1,0,London,2,3,3.5,United Kingdom,London,112,City centre,Wimbledon Park Underground Station,Paddington,3.5,782,5.7,Hotel
8147,108,1,15-50% offer,2017,11,0,0,1,0,London,2,3,2.9,United Kingdom,London,191,City centre,Wimbledon Park Underground Station,Paddington,3,569,5.7,Hotel
8148,122,1,15-50% offer,2017,11,0,0,1,0,London,2,3,3,United Kingdom,London,493,City centre,Wimbledon Park Underground Station,Paddington,3,793,5.7,Hotel
8149,122,1,15-50% offer,2017,11,0,0,1,0,London,2,3,3.2,United Kingdom,London,332,City centre,Wimbledon Park Underground Station,Paddington,3,517,5.6,Hotel
8151,129,1,15-50% offer,2017,11,0,0,1,0,London,2.1,3,3.5,United Kingdom,London,919,City centre,Wimbledon Park Underground Station,Paddington,3.5,636,5.6,Hotel
8156,182,1,15-50% offer,2017,11,0,0,1,1,London,2.7,4,3.7,United Kingdom,London,286,City centre,Wimbledon Park Underground Station,Paddington,4,1284,6.2,Hotel
8157,139,1,15-50% offer,2017,11,0,0,1,1,London,2.4,3,3.2,United Kingdom,London,172,City centre,Wimbledon Park Underground Station,Paddington,3,606,5.5,Hotel
8163,255,1,15-50% offer,2017,11,0,0,1,0,London,2,4,3.7,United Kingdom,London,2191,City centre,Wimbledon Park Underground Station,Paddington,3.5,4884,6,Hotel
8165,129,1,15-50% offer,2017,11,0,0,1,0,London,2.4,3.5,3.5,United Kingdom,London,779,City centre,Wimbledon Park Underground Station,Paddington,3,1080,5.4,Hotel
8169,128,1,15-50% offer,2017,11,0,0,1,0,London,2.2,3,3.5,United Kingdom,London,435,City centre,Wimbledon Park Underground Station,Paddington,3.5,649,5.5,Hotel
8173,113,1,50%-75% offer,2017,11,0,0,1,0,London,2.2,3,3.2,United Kingdom,London,521,City centre,Wimbledon Park Underground Station,Paddington,3,1101,5.6,Hotel
8174,193,1,1-15% offer,2017,11,0,0,1,0,London,2.4,4,4,United Kingdom,London,1097,City centre,Wimbledon Park Underground Station,Paddington,4,2031,5.5,Hotel
8175,198,1,1-15% offer,2017,11,0,0,1,0,London,2.3,4,3.7,United Kingdom,London,430,City centre,Wimbledon Park Underground Station,Paddington,4.5,1106,5.5,Hotel
8178,97,1,1-15% offer,2017,11,0,0,1,0,London,2,3,3,United Kingdom,London,439,City centre,Wimbledon Park Underground Station,Paddington,2.5,742,5.7,Hotel
8179,227,1,15-50% offer,2017,11,0,0,1,0,London,2.3,4,3.7,United Kingdom,London,39,City centre,Wimbledon Park Underground Station,Paddington,3,114,5.5,Hotel
8180,326,0,0% no offer,2017,11,0,0,1,0,London,2.5,4,4.4,United Kingdom,London,1020,City centre,Wimbledon Park Underground Station,Paddington,4,2495,5.9,Hotel
8181,284,1,15-50% offer,2017,11,0,0,1,0,London,2.1,4,4.3,United Kingdom,London,329,City centre,Wimbledon Park Underground Station,Paddington,4.5,1411,5.6,Hotel
8185,196,1,15-50% offer,2017,11,0,0,1,1,London,2.4,4,4.1,United Kingdom,London,514,City centre,Wimbledon Park Underground Station,Paddington,4,1624,5.5,Hotel
8186,95,1,15-50% offer,2017,11,0,0,1,0,London,2.7,3,3.2,United Kingdom,London,153,City centre,Wimbledon Park Underground Station,Paddington,3.5,467,5.5,Hotel
8189,120,0,0% no offer,2017,11,0,0,1,1,London,2,3,3,United Kingdom,London,31,City centre,Wimbledon Park Underground Station,Paddington,3,592,5.7,Hotel
8190,167,1,75%+ offer,2017,11,0,0,1,0,London,2,4,3.7,United Kingdom,London,344,City centre,Wimbledon Park Underground Station,Paddington,3.5,104,5.8,Hotel
8192,134,0,0% no offer,2017,11,0,0,1,1,London,2.1,4,2.7,United Kingdom,London,101,City centre,Wimbledon Park Underground Station,Paddington,2.5,87,6.1,Hotel
8193,116,1,15-50% offer,2017,11,0,0,1,1,London,2.5,3,3,United Kingdom,London,126,City centre,Wimbledon Park Underground Station,Paddington,3,774,5.5,Hotel
8194,117,1,15-50% offer,2017,11,0,0,1,0,London,2.5,3,3,United Kingdom,London,757,City centre,Wimbledon Park Underground Station,Paddington,3,901,5.4,Hotel
8195,401,0,0% no offer,2017,11,0,0,1,0,London,2.3,4,4.1,United Kingdom,London,77,City centre,Wimbledon Park Underground Station,Paddington,4.5,641,5.4,Hotel
8197,126,1,15-50% offer,2017,11,0,0,1,0,London,2.5,3,3.4,United Kingdom,London,262,City centre,Wimbledon Park Underground Station,Paddington,3.5,908,5.4,Hotel
8199,176,1,15-50% offer,2017,11,0,0,1,1,London,2.4,3,4,United Kingdom,London,159,City centre,Wimbledon Park Underground Station,Paddington,4,621,5.5,Hotel
8201,76,1,50%-75% offer,2017,11,0,0,1,1,London,2,3,3,United Kingdom,London,454,City centre,Wimbledon Park Underground Station,Paddington,3,723,5.6,Hotel
8203,251,1,15-50% offer,2017,11,0,0,1,0,London,2.6,4,4,United Kingdom,London,247,City centre,Wimbledon Park Underground Station,Paddington,4,736,5.4,Hotel
8206,113,1,50%-75% offer,2017,11,0,0,1,0,London,2.2,3,3.4,United Kingdom,London,166,City centre,Wimbledon Park Underground Station,Paddington,2.5,604,5.5,Hotel
8207,166,1,15-50% offer,2017,11,0,0,1,1,London,2.5,3,3.7,United Kingdom,London,99,City centre,Wimbledon Park Underground Station,Paddington,3.5,405,5.4,Hotel
8208,188,1,15-50% offer,2017,11,0,0,1,0,London,2.3,3,3.4,United Kingdom,London,183,City centre,Wimbledon Park Underground Station,Paddington,3.5,524,6.2,Hotel
8210,137,1,50%-75% offer,2017,11,0,0,1,1,London,2.5,3,2.9,United Kingdom,London,940,City centre,Wimbledon Park Underground Station,Paddington,2.5,1780,5.4,Hotel
8212,124,1,50%-75% offer,2017,11,0,0,1,0,London,2.5,3,3.2,United Kingdom,London,1012,City centre,Wimbledon Park Underground Station,Paddington,3,2718,5.3,Hotel
8215,161,1,15-50% offer,2017,11,0,0,1,1,London,2.3,4,3.2,United Kingdom,London,412,City centre,Wimbledon Park Underground Station,Paddington,3,998,5.4,Hotel
8216,131,1,15-50% offer,2017,11,0,0,1,1,London,2.8,3,3.5,United Kingdom,London,386,City centre,Wimbledon Park Underground Station,Paddington,3.5,723,5.5,Hotel
8217,246,1,15-50% offer,2017,11,0,0,1,1,London,2.2,4,4.5,United Kingdom,London,578,City centre,Wimbledon Park Underground Station,Paddington,4.5,433,5.5,Hotel
8222,198,1,15-50% offer,2017,11,0,0,1,0,London,2.2,4,3.4,United Kingdom,London,253,City centre,Wimbledon Park Underground Station,Paddington,3.5,1447,5.6,Hotel
8223,92,1,15-50% offer,2017,11,0,0,1,0,London,2,3,2.5,United Kingdom,London,152,City centre,Wimbledon Park Underground Station,Paddington,2,350,5.8,Hotel
8225,235,0,0% no offer,2017,11,0,0,1,0,London,2.5,3.5,NA,United Kingdom,London,NA,City centre,Wimbledon Park Underground Station,Paddington,5,14,5.3,Hotel
8228,142,1,1-15% offer,2017,11,0,0,1,1,London,2.3,3,3.9,United Kingdom,London,1557,City centre,Wimbledon Park Underground Station,Paddington,3.5,2184,5.4,Hotel
8229,116,1,15-50% offer,2017,11,0,0,1,1,London,2.5,3,3.7,United Kingdom,London,340,City centre,Wimbledon Park Underground Station,Paddington,3.5,554,5.3,Hotel
8232,198,1,15-50% offer,2017,11,0,0,1,0,London,2.3,4,3.5,United Kingdom,London,451,City centre,Wimbledon Park Underground Station,Paddington,4,2107,5.7,Hotel
8233,191,1,15-50% offer,2017,11,0,0,1,0,London,1.9,4,3.4,United Kingdom,London,288,City centre,Wimbledon Park Underground Station,Paddington,4,1420,5.8,Hotel
8234,137,1,1-15% offer,2017,11,0,0,1,1,London,2.2,3,3.2,United Kingdom,London,364,City centre,Wimbledon Park Underground Station,Paddington,3,390,5.5,Hotel
8236,313,1,15-50% offer,2017,11,0,0,1,0,London,2.1,4,4.1,United Kingdom,London,105,City centre,Wimbledon Park Underground Station,Paddington,4.5,281,5.7,Hotel
8237,112,1,50%-75% offer,2017,11,0,0,1,1,London,2.8,3,2.7,United Kingdom,London,668,City centre,Wimbledon Park Underground Station,Paddington,2.5,1909,5.4,Hotel
8239,157,1,1-15% offer,2017,11,0,0,1,1,London,2.7,3,4,United Kingdom,London,2347,City centre,Wimbledon Park Underground Station,Paddington,4,2333,5.5,Hotel
8243,217,1,15-50% offer,2017,11,0,0,1,0,London,2.3,4,3.7,United Kingdom,London,92,City centre,Wimbledon Park Underground Station,Paddington,4,904,5.3,Hotel
8247,135,1,75%+ offer,2017,11,0,0,1,0,London,2.2,3,2.2,United Kingdom,London,56,City centre,Wimbledon Park Underground Station,Paddington,2,40,5.6,Hotel
8249,159,1,15-50% offer,2017,11,0,0,1,1,London,2.5,3,3.5,United Kingdom,London,145,City centre,Wimbledon Park Underground Station,Paddington,3.5,527,5.5,Hotel
8250,173,1,15-50% offer,2017,11,0,0,1,0,London,2.2,4,3.7,United Kingdom,London,1475,City centre,Wimbledon Park Underground Station,Paddington,3.5,4025,5.4,Hotel
8251,218,1,15-50% offer,2017,11,0,0,1,0,London,2.1,4,3.2,United Kingdom,London,498,City centre,Wimbledon Park Underground Station,Paddington,3.5,1537,5.4,Hotel
8261,133,1,15-50% offer,2017,11,0,0,1,1,London,5,3.5,3.5,United Kingdom,London,14,City centre,Wimbledon Park Underground Station,Poplar,4,38,9.6,Hotel
8262,266,0,0% no offer,2017,11,0,0,1,0,London,5.3,4,4.5,United Kingdom,London,431,City centre,Wimbledon Park Underground Station,Poplar,4.5,3872,9.7,Hotel
8275,144,1,1-15% offer,2017,11,0,0,1,1,London,2.9,3,3.2,United Kingdom,London,270,City centre,Wimbledon Park Underground Station,Royal Borough of Kensington and Chelsea,2.5,384,5.3,Hotel
8278,187,1,1-15% offer,2017,11,0,0,1,0,London,3,3.5,4,United Kingdom,London,218,City centre,Wimbledon Park Underground Station,Royal Borough of Kensington and Chelsea,3.5,206,5.2,Hotel
8280,187,1,15-50% offer,2017,11,0,0,1,0,London,2.3,4,4,United Kingdom,London,230,City centre,Wimbledon Park Underground Station,Royal Borough of Kensington and Chelsea,4,1012,4.5,Hotel
8284,208,1,1-15% offer,2017,11,0,0,1,0,London,2.3,4,4,United Kingdom,London,227,City centre,Wimbledon Park Underground Station,Royal Borough of Kensington and Chelsea,4,641,4.4,Hotel
8286,97,1,15-50% offer,2017,11,0,0,1,1,London,2.8,3,3,United Kingdom,London,209,City centre,Wimbledon Park Underground Station,Royal Borough of Kensington and Chelsea,3,502,5.2,Hotel
8291,163,1,15-50% offer,2017,11,0,0,1,1,London,2.6,4,3,United Kingdom,London,30,City centre,Wimbledon Park Underground Station,Royal Borough of Kensington and Chelsea,3.5,452,4.7,Hotel
8292,134,1,1-15% offer,2017,11,0,0,1,0,London,3.5,3,3.9,United Kingdom,London,134,City centre,Wimbledon Park Underground Station,Royal Borough of Kensington and Chelsea,3.5,183,4.3,Hotel
8298,156,1,15-50% offer,2017,11,0,0,1,0,London,2.6,3,3.9,United Kingdom,London,102,City centre,Wimbledon Park Underground Station,Shoreditch,4,299,8.3,Hotel
8305,262,0,0% no offer,2017,11,0,0,1,0,London,2.3,3,3.9,United Kingdom,London,1128,City centre,Wimbledon Park Underground Station,Shoreditch,3.5,1312,8.1,Hotel
8308,270,0,0% no offer,2017,11,0,0,1,0,London,2.4,4,4.5,United Kingdom,London,203,City centre,Wimbledon Park Underground Station,Shoreditch,4.5,516,8.1,Hotel
8320,341,1,15-50% offer,2017,11,0,0,1,1,London,0.6,4,4.5,United Kingdom,London,319,City centre,Wimbledon Park Underground Station,Soho,5,2301,6.2,Hotel
8322,269,1,1-15% offer,2017,11,0,0,1,0,London,0.5,3.5,4.1,United Kingdom,London,270,City centre,Wimbledon Park Underground Station,Soho,3.5,179,6.2,Hotel
8324,355,1,50%-75% offer,2017,11,0,0,1,0,London,0.5,4,4.4,United Kingdom,London,293,City centre,Wimbledon Park Underground Station,Soho,4.5,649,6.2,Hotel
8325,319,1,15-50% offer,2017,11,0,0,1,0,London,0.4,4,4,United Kingdom,London,239,City centre,Wimbledon Park Underground Station,Soho,5,650,6.1,Hotel
8331,317,1,1-15% offer,2017,11,0,0,1,0,London,0.7,4,4.3,United Kingdom,London,1504,City centre,Wimbledon Park Underground Station,South Bank,4.5,7586,5.8,Hotel
8334,277,1,1-15% offer,2017,11,0,0,1,0,London,0.6,4,4.4,United Kingdom,London,4300,City centre,Wimbledon Park Underground Station,South Bank,4.5,17139,5.8,Hotel
8335,379,1,15-50% offer,2017,11,0,0,1,0,London,2,4,4.5,United Kingdom,London,526,City centre,Wimbledon Park Underground Station,South Bank,4.5,4164,7,Hotel
8339,200,1,15-50% offer,2017,11,0,0,1,0,London,3.6,3,4,United Kingdom,London,836,City centre,Wimbledon Park Underground Station,St Katharine\u0027s \u0026 Wapping,4,957,8.5,Hotel
8341,249,1,15-50% offer,2017,11,0,0,1,0,London,2.3,4,4.3,United Kingdom,London,1334,City centre,Wimbledon Park Underground Station,St Katharine\u0027s \u0026 Wapping,4,6950,7.3,Hotel
8352,89,1,15-50% offer,2017,11,0,0,1,0,London,6.6,3,3.2,United Kingdom,London,183,City centre,Wimbledon Park Underground Station,Stratford,3,686,12,Hotel
8353,131,1,15-50% offer,2017,11,0,0,1,0,London,5.7,3,4.1,United Kingdom,London,481,City centre,Wimbledon Park Underground Station,Stratford,4,877,11,Hotel
8354,128,1,15-50% offer,2017,11,0,0,1,0,London,6.2,3,3.7,United Kingdom,London,263,City centre,Wimbledon Park Underground Station,Stratford,3.5,837,12,Hotel
8356,100,1,15-50% offer,2017,11,0,0,1,1,London,6.2,3,3.7,United Kingdom,London,279,City centre,Wimbledon Park Underground Station,Stratford,3.5,200,12,Hotel
8359,118,1,50%-75% offer,2017,11,0,0,1,0,London,5.8,4,4.4,United Kingdom,London,202,City centre,Wimbledon Park Underground Station,Stratford,4.5,1464,11,Hotel
8361,78,1,15-50% offer,2017,11,0,0,1,0,London,6.6,3,3.4,United Kingdom,London,316,City centre,Wimbledon Park Underground Station,Stratford,3.5,1363,12,Hotel
8370,329,1,1-15% offer,2017,11,0,0,1,0,London,2.1,4,4.5,United Kingdom,London,1188,City centre,Wimbledon Park Underground Station,The City of London,4.5,3949,7.4,Hotel
8371,447,0,0% no offer,2017,11,0,0,1,1,London,0.9,4,4.6,United Kingdom,London,1052,City centre,Wimbledon Park Underground Station,The City of London,4.5,3620,6.7,Hotel
8373,387,1,15-50% offer,2017,11,0,0,1,0,London,2.2,4,4.4,United Kingdom,London,1814,City centre,Wimbledon Park Underground Station,The City of London,4,2922,7.4,Hotel
8375,295,1,15-50% offer,2017,11,0,0,1,0,London,2.3,4,4.4,United Kingdom,London,299,City centre,Wimbledon Park Underground Station,The City of London,4.5,1510,7.6,Hotel
8377,359,1,1-15% offer,2017,11,0,0,1,0,London,2.3,4,4.5,United Kingdom,London,202,City centre,Wimbledon Park Underground Station,The City of London,4.5,1311,7.6,Hotel
8379,357,1,15-50% offer,2017,11,0,0,1,0,London,1,4,4.4,United Kingdom,London,678,City centre,Wimbledon Park Underground Station,The City of London,4.5,2535,6.7,Hotel
8382,280,1,15-50% offer,2017,11,0,0,1,1,London,1.2,4,4.1,United Kingdom,London,1286,City centre,Wimbledon Park Underground Station,The City of London,4,2161,6.9,Hotel
8384,252,1,1-15% offer,2017,11,0,0,1,1,London,2.2,4,3.5,United Kingdom,London,60,City centre,Wimbledon Park Underground Station,The City of London,4,127,7.8,Hotel
8398,297,1,15-50% offer,2017,11,0,0,1,0,London,1.9,4,4,United Kingdom,London,876,City centre,Wimbledon Park Underground Station,The City of London,4,1438,7.3,Hotel
8399,379,1,15-50% offer,2017,11,0,0,1,0,London,2.1,4,4.4,United Kingdom,London,1467,City centre,Wimbledon Park Underground Station,The City of London,4.5,5912,7.4,Hotel
8400,490,1,15-50% offer,2017,11,0,0,1,1,London,1.8,4,4.6,United Kingdom,London,454,City centre,Wimbledon Park Underground Station,The City of London,4.5,1999,7.4,Hotel
8403,306,1,15-50% offer,2017,11,0,0,1,0,London,2.3,4,4.5,United Kingdom,London,40,City centre,Wimbledon Park Underground Station,The City of London,4.5,78,7.7,Hotel
8414,235,1,15-50% offer,2017,11,0,0,1,1,London,0.9,4,4.5,United Kingdom,London,414,City centre,Wimbledon Park Underground Station,Victoria,5,997,5.1,Hotel
8415,245,1,15-50% offer,2017,11,0,0,1,0,London,1.1,4,4.1,United Kingdom,London,669,City centre,Wimbledon Park Underground Station,Victoria,4.5,4198,4.8,Hotel
8418,183,0,0% no offer,2017,11,0,0,1,1,London,1.4,3,3.4,United Kingdom,London,463,City centre,Wimbledon Park Underground Station,Victoria,3,577,4.5,Hotel
8427,313,1,15-50% offer,2017,11,0,0,1,0,London,1.1,4,4.3,United Kingdom,London,1347,City centre,Wimbledon Park Underground Station,Victoria,4,2087,4.8,Hotel
8431,266,1,1-15% offer,2017,11,0,0,1,0,London,1.1,4,4.3,United Kingdom,London,928,City centre,Wimbledon Park Underground Station,Victoria,4,4497,4.8,Hotel
8432,223,1,1-15% offer,2017,11,0,0,1,1,London,1.2,4,2.9,United Kingdom,London,560,City centre,Wimbledon Park Underground Station,Victoria,2.5,1391,4.8,Hotel
8439,264,1,15-50% offer,2017,11,0,0,1,0,London,1,4,4.3,United Kingdom,London,1500,City centre,Wimbledon Park Underground Station,Victoria,4.5,6472,5.1,Hotel
8443,253,1,15-50% offer,2017,11,0,0,1,1,London,0.6,3.5,4.3,United Kingdom,London,318,City centre,Wimbledon Park Underground Station,Victoria,4.5,1352,5.4,Hotel
8447,268,1,15-50% offer,2017,11,0,0,1,0,London,0.9,4,4.4,United Kingdom,London,635,City centre,Wimbledon Park Underground Station,Victoria,4.5,4262,5,Hotel
8451,205,1,15-50% offer,2017,11,0,0,1,1,London,1.2,3,2.2,United Kingdom,London,237,City centre,Wimbledon Park Underground Station,Victoria,1.5,259,4.7,Hotel
8453,350,1,15-50% offer,2017,11,0,0,1,1,London,1.4,4,4.8,United Kingdom,London,31,City centre,Wimbledon Park Underground Station,Victoria,5,239,4.5,Hotel
8454,413,1,15-50% offer,2017,11,0,0,1,1,London,0.7,4,4.4,United Kingdom,London,1025,City centre,Wimbledon Park Underground Station,Victoria,4.5,3662,5.2,Hotel
8455,180,1,1-15% offer,2017,11,0,0,1,1,London,1.2,3,3.7,United Kingdom,London,633,City centre,Wimbledon Park Underground Station,Victoria,3.5,1502,4.7,Hotel
8458,137,1,15-50% offer,2017,11,0,0,1,1,London,1.3,3,3.4,United Kingdom,London,104,City centre,Wimbledon Park Underground Station,Victoria,3,2,4.6,Hotel
8467,410,1,15-50% offer,2017,11,0,0,1,0,London,0.7,4,4.5,United Kingdom,London,714,City centre,Wimbledon Park Underground Station,Victoria,4.5,5805,5.2,Hotel
8521,353,1,50%-75% offer,2017,11,0,0,1,0,London,0.1,4,4.3,United Kingdom,London,295,City centre,Wimbledon Park Underground Station,West End,4.5,42,5.9,Hotel
8523,333,0,0% no offer,2017,11,0,0,1,0,London,0.5,4,4.4,United Kingdom,London,426,City centre,Wimbledon Park Underground Station,West End,4.5,2955,6.3,Hotel
8529,275,1,15-50% offer,2017,11,0,0,1,0,London,0.8,4,4.1,United Kingdom,London,365,City centre,Wimbledon Park Underground Station,West End,4,1114,6.4,Hotel
8533,288,1,15-50% offer,2017,11,0,0,1,0,London,0.4,4,3.9,United Kingdom,London,3464,City centre,Wimbledon Park Underground Station,West End,4,9787,6.3,Hotel
8540,282,1,15-50% offer,2017,11,0,0,1,0,London,0.7,4,4.5,United Kingdom,London,778,City centre,Wimbledon Park Underground Station,West End,4.5,1519,6.6,Hotel
8542,280,1,15-50% offer,2017,11,0,0,1,0,London,0.1,4,4.1,United Kingdom,London,1203,City centre,Wimbledon Park Underground Station,West End,4.5,2238,5.9,Hotel
8543,282,1,15-50% offer,2017,11,0,0,1,1,London,0.1,4,4.1,United Kingdom,London,1122,City centre,Wimbledon Park Underground Station,West End,4,1592,5.9,Hotel
8545,164,1,15-50% offer,2017,11,0,0,1,0,London,0.7,3,3.5,United Kingdom,London,2895,City centre,Wimbledon Park Underground Station,West End,3.5,6237,6.5,Hotel
8546,295,1,15-50% offer,2017,11,0,0,1,0,London,0.2,4,4.1,United Kingdom,London,88,City centre,Wimbledon Park Underground Station,West End,4.5,920,6,Hotel
8551,401,1,15-50% offer,2017,11,0,0,1,0,London,0.1,4,4.6,United Kingdom,London,626,City centre,Wimbledon Park Underground Station,West End,5,3946,6,Hotel
8553,299,1,15-50% offer,2017,11,0,0,1,0,London,0.2,4,4.1,United Kingdom,London,371,City centre,Wimbledon Park Underground Station,West End,4.5,1586,5.9,Hotel
8555,146,1,15-50% offer,2017,11,0,0,1,1,London,4.2,3.5,3.9,United Kingdom,London,61,City centre,Wimbledon Park Underground Station,White City,4,153,5,Hotel
8559,120,1,1-15% offer,2017,11,0,0,1,0,London,4.1,3,3.4,United Kingdom,London,57,City centre,Wimbledon Park Underground Station,White City,3.5,357,4.9,Hotel
8562,205,1,15-50% offer,2017,11,0,0,1,0,London,4.2,4,4.4,United Kingdom,London,1088,City centre,Wimbledon Park Underground Station,White City,4.5,1615,4.9,Hotel
21897,81,1,1-15% offer,2017,11,0,0,1,0,Vienna,1.7,4,3.9,Austria,Vienna,189,City centre,Donauturm,17. Hernals,3.5,708,3.8,Hotel
21901,85,1,15-50% offer,2017,11,0,0,1,0,Vienna,1.4,4,3.7,Austria,Vienna,53,City centre,Donauturm,Alsergrund,3.5,629,2.5,Hotel
21902,83,1,15-50% offer,2017,11,0,0,1,0,Vienna,1.7,3,4,Austria,Vienna,55,City centre,Donauturm,Alsergrund,4,52,2.5,Hotel
21903,82,1,15-50% offer,2017,11,0,0,1,1,Vienna,1.2,4,3.9,Austria,Vienna,33,City centre,Donauturm,Alsergrund,3.5,219,2.8,Hotel
21906,103,0,0% no offer,2017,11,0,0,1,1,Vienna,0.9,4,3.9,Austria,Vienna,57,City centre,Donauturm,Alsergrund,3.5,251,2.4,Hotel
21907,150,0,0% no offer,2017,11,0,0,1,0,Vienna,1,4,4.6,Austria,Vienna,161,City centre,Donauturm,Alsergrund,4.5,617,2.7,Hotel
21912,60,1,1-15% offer,2017,11,0,0,1,1,Vienna,1.1,4,4.1,Austria,Vienna,203,City centre,Donauturm,Alsergrund,4,359,2.7,Hotel
21913,128,0,0% no offer,2017,11,0,0,1,0,Vienna,0.8,4,4,Austria,Vienna,251,City centre,Donauturm,Alsergrund,4,829,2.9,Hotel
21917,85,1,1-15% offer,2017,11,0,0,1,0,Vienna,1.7,4,4.1,Austria,Vienna,18,City centre,Donauturm,Alsergrund,4,62,2.6,Hotel
21918,77,1,15-50% offer,2017,11,0,0,1,0,Vienna,0.9,3,3.7,Austria,Vienna,20,City centre,Donauturm,Alsergrund,3.5,97,2.8,Hotel
21919,78,1,15-50% offer,2017,11,0,0,1,1,Vienna,0.8,3,3.9,Austria,Vienna,77,City centre,Donauturm,Alsergrund,3.5,120,2.8,Hotel
21920,78,0,0% no offer,2017,11,0,0,1,1,Vienna,0.9,3,4,Austria,Vienna,76,City centre,Donauturm,Alsergrund,3.5,161,2.8,Hotel
21924,77,0,0% no offer,2017,11,0,0,1,1,Vienna,4.2,3,3.9,Austria,Vienna,77,City centre,Donauturm,Donaustadt,4,158,1.5,Hotel
21925,77,1,50%-75% offer,2017,11,0,0,1,0,Vienna,3.9,3,2.7,Austria,Vienna,193,City centre,Donauturm,Donaustadt,3,91,1.9,Hotel
21926,95,1,15-50% offer,2017,11,0,0,1,0,Vienna,3.6,4,4.3,Austria,Vienna,94,City centre,Donauturm,Donaustadt,4,228,1.2,Hotel
21930,208,0,0% no offer,2017,11,0,0,1,1,Vienna,2.9,4,4.1,Austria,Vienna,178,City centre,Donauturm,Donaustadt,4,1085,0.6,Hotel
21933,87,0,0% no offer,2017,11,0,0,1,1,Vienna,3.4,3,3.7,Austria,Vienna,330,City centre,Donauturm,Donaustadt,3.5,423,0.9,Hotel
21935,54,1,50%-75% offer,2017,11,0,0,1,0,Vienna,2,3,3.5,Austria,Vienna,194,City centre,Donauturm,Favoriten,4,522,4.5,Hotel
21940,99,0,0% no offer,2017,11,0,0,1,0,Vienna,1.7,3.5,4.4,Austria,Vienna,441,City centre,Donauturm,Favoriten,4.5,630,4.2,Hotel
21941,75,1,15-50% offer,2017,11,0,0,1,0,Vienna,1.7,3.5,4.4,Austria,Vienna,1122,City centre,Donauturm,Favoriten,4.5,573,4.1,Hotel
21943,76,1,15-50% offer,2017,11,0,0,1,0,Vienna,2.1,3,4.4,Austria,Vienna,362,City centre,Donauturm,Favoriten,4,269,4.6,Hotel
21946,91,0,0% no offer,2017,11,0,0,1,0,Vienna,1.9,4,4.5,Austria,Vienna,525,City centre,Donauturm,Favoriten,4.5,741,4.2,Hotel
21959,71,1,1-15% offer,2017,11,0,0,1,0,Vienna,1.7,4,4,Austria,Vienna,821,City centre,Donauturm,Favoriten,4,31,4.2,Hotel
21965,113,1,15-50% offer,2017,11,0,0,1,0,Vienna,0.2,3,4.4,Austria,Vienna,77,City centre,Donauturm,Graben,4,259,2.9,Hotel
21968,156,1,1-15% offer,2017,11,0,0,1,1,Vienna,0.3,3,4.5,Austria,Vienna,184,City centre,Donauturm,Innere Stadt,4.5,1347,2.6,Hotel
21970,133,1,15-50% offer,2017,11,0,0,1,1,Vienna,0.3,4,4.3,Austria,Vienna,319,City centre,Donauturm,Innere Stadt,4,466,2.6,Hotel
21971,123,1,15-50% offer,2017,11,0,0,1,1,Vienna,0.5,4,4.1,Austria,Vienna,73,City centre,Donauturm,Innere Stadt,3.5,47,3.1,Hotel
21972,219,1,1-15% offer,2017,11,0,0,1,1,Vienna,0.3,4,4.5,Austria,Vienna,81,City centre,Donauturm,Innere Stadt,4.5,392,3,Hotel
21973,152,1,15-50% offer,2017,11,0,0,1,0,Vienna,0.3,4,4.3,Austria,Vienna,271,City centre,Donauturm,Innere Stadt,4,261,3,Hotel
21975,115,1,15-50% offer,2017,11,0,0,1,1,Vienna,0.1,4,4.3,Austria,Vienna,211,City centre,Donauturm,Innere Stadt,4.5,211,2.7,Hotel
21977,138,1,15-50% offer,2017,11,0,0,1,0,Vienna,0.2,4,4.5,Austria,Vienna,316,City centre,Donauturm,Innere Stadt,4.5,463,2.6,Hotel
21980,146,0,0% no offer,2017,11,0,0,1,0,Vienna,0.1,4,4.4,Austria,Vienna,336,City centre,Donauturm,Innere Stadt,4,714,2.9,Hotel
21984,98,0,0% no offer,2017,11,0,0,1,1,Vienna,0.5,3,3.7,Austria,Vienna,88,City centre,Donauturm,Innere Stadt,3.5,66,2.6,Hotel
21985,121,1,15-50% offer,2017,11,0,0,1,1,Vienna,0.3,3.5,4.5,Austria,Vienna,140,City centre,Donauturm,Innere Stadt,4.5,557,2.5,Hotel
21986,149,1,1-15% offer,2017,11,0,0,1,0,Vienna,0.2,4,4,Austria,Vienna,391,City centre,Donauturm,Innere Stadt,4,1516,2.6,Hotel
21987,120,1,1-15% offer,2017,11,0,0,1,0,Vienna,0.3,3,3.9,Austria,Vienna,320,City centre,Donauturm,Innere Stadt,3.5,515,2.5,Hotel
21988,157,1,1-15% offer,2017,11,0,0,1,1,Vienna,0.4,3,4.4,Austria,Vienna,21,City centre,Donauturm,Innere Stadt,4.5,146,2.9,Hotel
21995,112,1,15-50% offer,2017,11,0,0,1,0,Vienna,0.2,4,4,Austria,Vienna,505,City centre,Donauturm,Innere Stadt,4,607,2.9,Hotel
21996,138,1,15-50% offer,2017,11,0,0,1,0,Vienna,0.3,4,4.3,Austria,Vienna,386,City centre,Donauturm,Innere Stadt,4,273,2.5,Hotel
22009,158,0,0% no offer,2017,11,0,0,1,1,Vienna,0.3,3,4.3,Austria,Vienna,47,City centre,Donauturm,Innere Stadt,4,232,3.1,Hotel
22011,218,1,50%-75% offer,2017,11,0,0,1,1,Vienna,0.2,4,4.6,Austria,Vienna,124,City centre,Donauturm,Innere Stadt,5,1112,2.6,Hotel
22012,218,1,15-50% offer,2017,11,0,0,1,0,Vienna,0.1,4,4.5,Austria,Vienna,115,City centre,Donauturm,Innere Stadt,4.5,475,2.7,Hotel
22013,135,1,15-50% offer,2017,11,0,0,1,0,Vienna,0.3,3,3.9,Austria,Vienna,110,City centre,Donauturm,Innere Stadt,3.5,162,2.6,Hotel
22016,179,0,0% no offer,2017,11,0,0,1,1,Vienna,0.5,4,4.4,Austria,Vienna,467,City centre,Donauturm,Innere Stadt,4.5,423,3.3,Hotel
22018,157,1,1-15% offer,2017,11,0,0,1,0,Vienna,0.7,4,4.5,Austria,Vienna,650,City centre,Donauturm,Innere Stadt,4.5,1380,3.5,Hotel
22019,146,0,0% no offer,2017,11,0,0,1,1,Vienna,0.3,4,4.5,Austria,Vienna,95,City centre,Donauturm,Innere Stadt,4.5,770,2.8,Hotel
22021,157,0,0% no offer,2017,11,0,0,1,1,Vienna,0.1,4,4.1,Austria,Vienna,168,City centre,Donauturm,Innere Stadt,4,392,2.8,Hotel
22023,108,1,15-50% offer,2017,11,0,0,1,1,Vienna,0.3,3,3.5,Austria,Vienna,175,City centre,Donauturm,Innere Stadt,3.5,234,2.5,Hotel
22026,127,1,15-50% offer,2017,11,0,0,1,0,Vienna,0.8,4,4,Austria,Vienna,426,City centre,Donauturm,Innere Stadt,4,840,3.1,Hotel
22028,163,0,0% no offer,2017,11,0,0,1,1,Vienna,0.4,4,4.1,Austria,Vienna,148,City centre,Donauturm,Innere Stadt,4,388,2.7,Hotel
22031,231,1,15-50% offer,2017,11,0,0,1,0,Vienna,0.1,4,4.4,Austria,Vienna,56,City centre,Donauturm,Innere Stadt,4.5,282,2.7,Hotel
22032,116,1,15-50% offer,2017,11,0,0,1,1,Vienna,0.4,4,4.4,Austria,Vienna,247,City centre,Donauturm,Innere Stadt,4.5,1274,2.6,Hotel
22037,166,1,15-50% offer,2017,11,0,0,1,1,Vienna,0.6,4,4.3,Austria,Vienna,703,City centre,Donauturm,Innere Stadt,4,1592,2.8,Hotel
22042,169,0,0% no offer,2017,11,0,0,1,1,Vienna,0.3,4,4.5,Austria,Vienna,81,City centre,Donauturm,Innere Stadt,4.5,561,2.5,Hotel
22050,242,1,1-15% offer,2017,11,0,0,1,0,Vienna,0,4,4.8,Austria,Vienna,404,City centre,Donauturm,Innere Stadt,4.5,2165,2.8,Hotel
22051,223,0,0% no offer,2017,11,0,0,1,1,Vienna,0.5,4,3.5,Austria,Vienna,123,City centre,Donauturm,Innere Stadt,3.5,276,2.4,Hotel
22052,149,1,15-50% offer,2017,11,0,0,1,1,Vienna,0.3,4,4.4,Austria,Vienna,653,City centre,Donauturm,Innere Stadt,4.5,930,2.7,Hotel
22054,114,1,15-50% offer,2017,11,0,0,1,0,Vienna,0.5,4,4,Austria,Vienna,388,City centre,Donauturm,Innere Stadt,4,836,2.3,Hotel
22061,139,1,1-15% offer,2017,11,0,0,1,1,Vienna,0.2,4,3.5,Austria,Vienna,34,City centre,Donauturm,Innere Stadt,3.5,54,2.9,Hotel
22064,79,1,1-15% offer,2017,11,0,0,1,1,Vienna,1.4,3,3.5,Austria,Vienna,102,City centre,Donauturm,Josefstadt,3.5,127,3.6,Hotel
22071,110,1,15-50% offer,2017,11,0,0,1,0,Vienna,0.9,3,4.1,Austria,Vienna,354,City centre,Donauturm,Josefstadt,4,419,3.4,Hotel
22072,88,1,15-50% offer,2017,11,0,0,1,1,Vienna,0.9,3,4.4,Austria,Vienna,92,City centre,Donauturm,Josefstadt,4,509,3.3,Hotel
22075,59,1,50%-75% offer,2017,11,0,0,1,1,Vienna,1.6,3,3.9,Austria,Vienna,128,City centre,Donauturm,Josefstadt,4,967,3.7,Hotel
22076,119,1,1-15% offer,2017,11,0,0,1,0,Vienna,0.9,4,4,Austria,Vienna,530,City centre,Donauturm,Josefstadt,4,1358,3.4,Hotel
22077,152,1,1-15% offer,2017,11,0,0,1,0,Vienna,0.9,4,4.3,Austria,Vienna,342,City centre,Donauturm,Josefstadt,4,1461,3.4,Hotel
22078,102,1,1-15% offer,2017,11,0,0,1,0,Vienna,1,4,4,Austria,Vienna,194,City centre,Donauturm,Josefstadt,4,346,3.4,Hotel
22080,54,1,15-50% offer,2017,11,0,0,1,1,Vienna,1.1,3,3.2,Austria,Vienna,63,City centre,Donauturm,Josefstadt,3,85,3.4,Hotel
22084,94,1,15-50% offer,2017,11,0,0,1,1,Vienna,1,3,4.1,Austria,Vienna,169,City centre,Donauturm,Josefstadt,4,452,3.4,Hotel
22088,115,1,15-50% offer,2017,11,0,0,1,0,Vienna,0.9,4,4.5,Austria,Vienna,765,City centre,Donauturm,Josefstadt,4.5,2150,3.5,Hotel
22090,68,1,15-50% offer,2017,11,0,0,1,1,Vienna,0.9,3,3.7,Austria,Vienna,43,City centre,Donauturm,Josefstadt,3.5,182,3.2,Hotel
22093,153,1,15-50% offer,2017,11,0,0,1,1,Vienna,0.2,4,4.1,Austria,Vienna,184,City centre,Donauturm,Kaerntner Strasse,4,700,3,Hotel
22095,169,1,1-15% offer,2017,11,0,0,1,1,Vienna,0.3,4,4.1,Austria,Vienna,313,City centre,Donauturm,Kaerntner Strasse,4,760,3.1,Hotel
22097,182,1,1-15% offer,2017,11,0,0,1,0,Vienna,0.5,4,4.5,Austria,Vienna,323,City centre,Donauturm,Kaerntner Strasse,4.5,327,3.3,Hotel
22101,142,1,15-50% offer,2017,11,0,0,1,0,Vienna,0.1,4,4.4,Austria,Vienna,512,City centre,Donauturm,Kaerntner Strasse,4,837,2.8,Hotel
22104,110,1,1-15% offer,2017,11,0,0,1,0,Vienna,0.6,4,4.3,Austria,Vienna,340,City centre,Donauturm,Landstrasse,4.5,2718,3.2,Hotel
22117,82,1,15-50% offer,2017,11,0,0,1,0,Vienna,1.4,4,4,Austria,Vienna,181,City centre,Donauturm,Landstrasse,4,395,3.1,Hotel
22118,82,1,1-15% offer,2017,11,0,0,1,1,Vienna,1.7,4,4.1,Austria,Vienna,359,City centre,Donauturm,Landstrasse,4,717,3.3,Hotel
22119,66,1,15-50% offer,2017,11,0,0,1,0,Vienna,1.8,3,3.9,Austria,Vienna,160,City centre,Donauturm,Landstrasse,3.5,203,3.4,Hotel
22120,169,0,0% no offer,2017,11,0,0,1,0,Vienna,0.8,4,4.1,Austria,Vienna,303,City centre,Donauturm,Landstrasse,4,1208,2.7,Hotel
22123,109,0,0% no offer,2017,11,0,0,1,0,Vienna,1.5,4,4.1,Austria,Vienna,173,City centre,Donauturm,Landstrasse,4,666,3.8,Hotel
22125,104,0,0% no offer,2017,11,0,0,1,1,Vienna,0.7,3,3.4,Austria,Vienna,114,City centre,Donauturm,Landstrasse,3,72,2.6,Hotel
22126,145,1,15-50% offer,2017,11,0,0,1,0,Vienna,0.9,3.5,4.3,Austria,Vienna,249,City centre,Donauturm,Landstrasse,4.5,730,2.5,Hotel
22130,85,1,50%-75% offer,2017,11,0,0,1,1,Vienna,0.8,3,3.5,Austria,Vienna,13,City centre,Donauturm,Landstrasse,3.5,183,2.1,Hotel
22136,110,0,0% no offer,2017,11,0,0,1,1,Vienna,1.3,3,3.7,Austria,Vienna,109,City centre,Donauturm,Landstrasse,3.5,529,3.3,Hotel
22138,134,1,15-50% offer,2017,11,0,0,1,1,Vienna,0.6,4,4.3,Austria,Vienna,171,City centre,Donauturm,Landstrasse,4.5,343,3,Hotel
22140,79,0,0% no offer,2017,11,0,0,1,1,Vienna,1.3,4,3.7,Austria,Vienna,79,City centre,Donauturm,Landstrasse,3.5,77,3.3,Hotel
22142,132,1,15-50% offer,2017,11,0,0,1,0,Vienna,1,4,4.1,Austria,Vienna,281,City centre,Donauturm,Landstrasse,4,1403,3.2,Hotel
22144,128,1,15-50% offer,2017,11,0,0,1,0,Vienna,0.6,4,4.1,Austria,Vienna,267,City centre,Donauturm,Leopoldstadt,4,1437,2.3,Hotel
22145,99,0,0% no offer,2017,11,0,0,1,0,Vienna,1.5,3,4.5,Austria,Vienna,183,City centre,Donauturm,Leopoldstadt,4.5,491,1.6,Hotel
22149,86,1,50%-75% offer,2017,11,0,0,1,0,Vienna,1.8,4,4,Austria,Vienna,136,City centre,Donauturm,Leopoldstadt,3.5,326,1,Hotel
22152,63,1,1-15% offer,2017,11,0,0,1,1,Vienna,1,3,3.4,Austria,Vienna,242,City centre,Donauturm,Leopoldstadt,3,183,1.9,Hotel
22155,134,1,15-50% offer,2017,11,0,0,1,1,Vienna,0.6,3.5,4,Austria,Vienna,16,City centre,Donauturm,Leopoldstadt,4.5,70,2.2,Hotel
22157,79,1,15-50% offer,2017,11,0,0,1,0,Vienna,0.9,3,3.7,Austria,Vienna,122,City centre,Donauturm,Leopoldstadt,4,290,1.9,Hotel
22158,138,0,0% no offer,2017,11,0,0,1,0,Vienna,0.5,4,4,Austria,Vienna,250,City centre,Donauturm,Leopoldstadt,4,1023,2.3,Hotel
22159,113,1,15-50% offer,2017,11,0,0,1,1,Vienna,1,4,4.5,Austria,Vienna,603,City centre,Donauturm,Leopoldstadt,4.5,1516,1.8,Hotel
22162,84,1,15-50% offer,2017,11,0,0,1,0,Vienna,1.5,3,3.9,Austria,Vienna,152,City centre,Donauturm,Leopoldstadt,4,1249,1.4,Hotel
22165,68,1,15-50% offer,2017,11,0,0,1,1,Vienna,0.9,3,4,Austria,Vienna,84,City centre,Donauturm,Leopoldstadt,4,129,2.1,Hotel
22166,102,1,50%-75% offer,2017,11,0,0,1,0,Vienna,1.5,3.5,3.9,Austria,Vienna,208,City centre,Donauturm,Leopoldstadt,4,281,1.4,Hotel
22169,82,1,15-50% offer,2017,11,0,0,1,0,Vienna,1.6,3,4.1,Austria,Vienna,267,City centre,Donauturm,Leopoldstadt,4,727,1.7,Hotel
22170,66,1,15-50% offer,2017,11,0,0,1,1,Vienna,1.1,3,4,Austria,Vienna,275,City centre,Donauturm,Leopoldstadt,4,407,1.7,Hotel
22176,113,1,15-50% offer,2017,11,0,0,1,0,Vienna,0.8,3,4.5,Austria,Vienna,374,City centre,Donauturm,Leopoldstadt,4.5,1686,2.1,Hotel
22177,106,1,15-50% offer,2017,11,0,0,1,1,Vienna,1,3,4.5,Austria,Vienna,468,City centre,Donauturm,Leopoldstadt,4.5,1449,1.9,Hotel
22179,89,1,15-50% offer,2017,11,0,0,1,0,Vienna,1.6,3,4.1,Austria,Vienna,422,City centre,Donauturm,Leopoldstadt,4,1580,1.2,Hotel
22182,106,1,15-50% offer,2017,11,0,0,1,1,Vienna,0.8,4,4.1,Austria,Vienna,527,City centre,Donauturm,Leopoldstadt,4,739,2,Hotel
22183,100,1,15-50% offer,2017,11,0,0,1,1,Vienna,0.8,4,4,Austria,Vienna,637,City centre,Donauturm,Leopoldstadt,4,584,2,Hotel
22184,75,1,15-50% offer,2017,11,0,0,1,0,Vienna,0.7,3,4.1,Austria,Vienna,461,City centre,Donauturm,Leopoldstadt,4,827,2.2,Hotel
22185,84,0,0% no offer,2017,11,0,0,1,1,Vienna,0.8,3,2.2,Austria,Vienna,3,City centre,Donauturm,Leopoldstadt,4,92,2.2,Hotel
22187,151,0,0% no offer,2017,11,0,0,1,0,Vienna,0.5,4,4.6,Austria,Vienna,104,City centre,Donauturm,Leopoldstadt,4.5,1272,2.3,Hotel
22188,87,0,0% no offer,2017,11,0,0,1,0,Vienna,0.9,3,3.5,Austria,Vienna,90,City centre,Donauturm,Leopoldstadt,3.5,314,1.9,Hotel
22189,117,0,0% no offer,2017,11,0,0,1,1,Vienna,0.5,4,4.4,Austria,Vienna,75,City centre,Donauturm,Leopoldstadt,4.5,836,2.3,Hotel
22190,120,1,50%-75% offer,2017,11,0,0,1,0,Vienna,1.9,4,4.5,Austria,Vienna,139,City centre,Donauturm,Leopoldstadt,4,807,1.9,Hotel
22193,383,0,0% no offer,2017,11,0,0,1,1,Vienna,1.9,3,4,Austria,Vienna,122,City centre,Donauturm,Margareten,4,382,4.7,Hotel
22198,174,0,0% no offer,2017,11,0,0,1,0,Vienna,1.5,4,4.3,Austria,Vienna,144,City centre,Donauturm,Margareten,4.5,1650,4.3,Hotel
22199,63,1,15-50% offer,2017,11,0,0,1,0,Vienna,2,3,3.5,Austria,Vienna,80,City centre,Donauturm,Margareten,3.5,335,4.7,Hotel
22201,100,0,0% no offer,2017,11,0,0,1,0,Vienna,1.5,3.5,4.5,Austria,Vienna,58,City centre,Donauturm,Margareten,4.5,15,4.3,Hotel
22203,86,1,1-15% offer,2017,11,0,0,1,0,Vienna,1.4,4,3.9,Austria,Vienna,303,City centre,Donauturm,Margareten,3.5,1708,4.2,Hotel
22205,67,1,15-50% offer,2017,11,0,0,1,0,Vienna,1.8,3,4,Austria,Vienna,82,City centre,Donauturm,Margareten,4,909,4.5,Hotel
22206,129,1,1-15% offer,2017,11,0,0,1,0,Vienna,1.3,4,4.1,Austria,Vienna,248,City centre,Donauturm,Margareten,4,372,4.1,Hotel
22212,86,0,0% no offer,2017,11,0,0,1,1,Vienna,1.3,3,4,Austria,Vienna,85,City centre,Donauturm,Mariahilf,4,383,4.1,Hotel
22214,131,1,1-15% offer,2017,11,0,0,1,0,Vienna,0.7,4,4.1,Austria,Vienna,258,City centre,Donauturm,Mariahilf,4,682,3.4,Hotel
22218,80,0,0% no offer,2017,11,0,0,1,0,Vienna,1.4,3,3.9,Austria,Vienna,44,City centre,Donauturm,Mariahilf,3.5,170,4.2,Hotel
22219,93,1,15-50% offer,2017,11,0,0,1,1,Vienna,1.1,4,4,Austria,Vienna,125,City centre,Donauturm,Mariahilf,4,410,3.9,Hotel
22222,77,1,1-15% offer,2017,11,0,0,1,0,Vienna,1.9,3,4,Austria,Vienna,161,City centre,Donauturm,Mariahilf,4,2102,4.6,Hotel
22223,140,1,15-50% offer,2017,11,0,0,1,1,Vienna,0.8,4,4.8,Austria,Vienna,210,City centre,Donauturm,Mariahilf,5,1495,3.6,Hotel
22224,99,1,15-50% offer,2017,11,0,0,1,1,Vienna,1,4,4,Austria,Vienna,264,City centre,Donauturm,Mariahilf,4,1228,3.8,Hotel
22226,105,1,15-50% offer,2017,11,0,0,1,0,Vienna,1.4,4,4.4,Austria,Vienna,162,City centre,Donauturm,Mariahilf,4.5,716,4.1,Hotel
22227,100,1,15-50% offer,2017,11,0,0,1,0,Vienna,1.7,3.5,4.5,Austria,Vienna,581,City centre,Donauturm,Mariahilf,4.5,1414,4.4,Hotel
22229,82,1,15-50% offer,2017,11,0,0,1,0,Vienna,1.1,3,3.9,Austria,Vienna,39,City centre,Donauturm,Mariahilf,3.5,78,3.9,Hotel
22230,82,0,0% no offer,2017,11,0,0,1,0,Vienna,1.8,4,3.9,Austria,Vienna,484,City centre,Donauturm,Mariahilf,4,1150,4.5,Hotel
22235,87,1,15-50% offer,2017,11,0,0,1,0,Vienna,1.9,4,3.5,Austria,Vienna,45,City centre,Donauturm,Mariahilf,4,290,4.7,Hotel
22236,100,1,15-50% offer,2017,11,0,0,1,0,Vienna,1.6,4,3.7,Austria,Vienna,98,City centre,Donauturm,Mariahilf,3.5,372,4.3,Hotel
22237,84,1,15-50% offer,2017,11,0,0,1,0,Vienna,1.6,4,4.3,Austria,Vienna,239,City centre,Donauturm,Mariahilf,4,561,4.3,Hotel
22239,98,1,15-50% offer,2017,11,0,0,1,1,Vienna,0.8,4,3.7,Austria,Vienna,100,City centre,Donauturm,Neubau,4,650,3.5,Hotel
22241,99,0,0% no offer,2017,11,0,0,1,0,Vienna,1.8,3,4.1,Austria,Vienna,305,City centre,Donauturm,Neubau,4,1171,4.4,Hotel
22246,76,1,1-15% offer,2017,11,0,0,1,0,Vienna,1.6,3,3.5,Austria,Vienna,141,City centre,Donauturm,Neubau,3.5,265,4.2,Hotel
22248,113,0,0% no offer,2017,11,0,0,1,1,Vienna,0.8,3,3.7,Austria,Vienna,6,City centre,Donauturm,Neubau,NA,NA,3.6,Hotel
22249,110,1,15-50% offer,2017,11,0,0,1,0,Vienna,0.9,4,4.4,Austria,Vienna,328,City centre,Donauturm,Neubau,4.5,2436,3.6,Hotel
22250,184,1,50%-75% offer,2017,11,0,0,1,0,Vienna,1,4,4.6,Austria,Vienna,123,City centre,Donauturm,Neubau,4.5,2431,3.7,Hotel
22253,99,1,15-50% offer,2017,11,0,0,1,0,Vienna,1.7,4,4.1,Austria,Vienna,308,City centre,Donauturm,Neubau,4,612,4.4,Hotel
22254,122,1,1-15% offer,2017,11,0,0,1,1,Vienna,0.8,3,3.9,Austria,Vienna,54,City centre,Donauturm,Neubau,4,143,3.5,Hotel
22255,122,1,1-15% offer,2017,11,0,0,1,0,Vienna,1.7,4,4.3,Austria,Vienna,544,City centre,Donauturm,Neubau,4,978,4.3,Hotel
22256,105,0,0% no offer,2017,11,0,0,1,0,Vienna,1.7,4,4,Austria,Vienna,359,City centre,Donauturm,Neubau,4,816,4.3,Hotel
22259,109,1,15-50% offer,2017,11,0,0,1,0,Vienna,1.4,4,4,Austria,Vienna,98,City centre,Donauturm,Neubau,4,582,4,Hotel
22260,105,1,15-50% offer,2017,11,0,0,1,1,Vienna,1.2,3,4.1,Austria,Vienna,54,City centre,Donauturm,Neubau,4.5,412,3.9,Hotel
22268,52,1,15-50% offer,2017,11,0,0,1,0,Vienna,3.1,3,3.5,Austria,Vienna,69,City centre,Donauturm,Ottakring,3.5,193,5.2,Hotel
22271,80,1,15-50% offer,2017,11,0,0,1,0,Vienna,4.1,4,4,Austria,Vienna,83,City centre,Donauturm,Ottakring,4,265,6,Hotel
22275,70,1,15-50% offer,2017,11,0,0,1,0,Vienna,1.8,4,3.9,Austria,Vienna,136,City centre,Donauturm,Rudolfsheim-Funfhaus,3.5,1020,4.4,Hotel
22277,136,1,15-50% offer,2017,11,0,0,1,0,Vienna,1.9,3,4.5,Austria,Vienna,156,City centre,Donauturm,Rudolfsheim-Funfhaus,4.5,1452,4.5,Hotel
22279,80,1,15-50% offer,2017,11,0,0,1,1,Vienna,2.1,3,4.1,Austria,Vienna,81,City centre,Donauturm,Rudolfsheim-Funfhaus,4,464,4.8,Hotel
22281,81,1,1-15% offer,2017,11,0,0,1,1,Vienna,2.4,3,4.1,Austria,Vienna,54,City centre,Donauturm,Rudolfsheim-Funfhaus,4.5,635,4.9,Hotel
22285,66,1,1-15% offer,2017,11,0,0,1,1,Vienna,3.6,4,3.7,Austria,Vienna,225,City centre,Donauturm,Rudolfsheim-Funfhaus,3.5,388,6.1,Hotel
22286,77,1,1-15% offer,2017,11,0,0,1,0,Vienna,2.8,3,4,Austria,Vienna,144,City centre,Donauturm,Rudolfsheim-Funfhaus,4,241,5.5,Hotel
22288,69,1,1-15% offer,2017,11,0,0,1,0,Vienna,2.1,4,3.7,Austria,Vienna,525,City centre,Donauturm,Rudolfsheim-Funfhaus,3.5,399,4.8,Hotel
22289,83,1,15-50% offer,2017,11,0,0,1,0,Vienna,2.1,3,4.1,Austria,Vienna,113,City centre,Donauturm,Rudolfsheim-Funfhaus,4,260,4.8,Hotel
22293,77,1,15-50% offer,2017,11,0,0,1,0,Vienna,1.8,4,3.9,Austria,Vienna,78,City centre,Donauturm,Rudolfsheim-Funfhaus,3,212,4.5,Hotel
22296,121,1,1-15% offer,2017,11,0,0,1,0,Vienna,1.7,4,3.9,Austria,Vienna,134,City centre,Donauturm,Rudolfsheim-Funfhaus,4,7,4.3,Hotel
22299,68,1,15-50% offer,2017,11,0,0,1,1,Vienna,3.6,3,3.5,Austria,Vienna,38,City centre,Donauturm,Schonbrunn,4,116,6.2,Hotel
22300,63,0,0% no offer,2017,11,0,0,1,0,Vienna,2,3,3.7,Austria,Vienna,65,City centre,Donauturm,Schonbrunn,3.5,199,4.8,Hotel
22301,101,0,0% no offer,2017,11,0,0,1,0,Vienna,2.1,3,4.5,Austria,Vienna,92,City centre,Donauturm,Schonbrunn,4.5,187,4.9,Hotel
22302,75,1,15-50% offer,2017,11,0,0,1,0,Vienna,2.6,4,3.7,Austria,Vienna,100,City centre,Donauturm,Schonbrunn,3.5,309,5.4,Hotel
22303,156,0,0% no offer,2017,11,0,0,1,0,Vienna,3.6,4,4.3,Austria,Vienna,910,City centre,Donauturm,Schonbrunn,4,1122,6.2,Hotel
22304,56,1,15-50% offer,2017,11,0,0,1,0,Vienna,3.7,3,3.5,Austria,Vienna,79,City centre,Donauturm,Schonbrunn,4,177,6.3,Hotel
22306,82,1,15-50% offer,2017,11,0,0,1,0,Vienna,2.4,3.5,4.5,Austria,Vienna,1541,City centre,Donauturm,Schonbrunn,4.5,1245,5.2,Hotel
22307,82,1,15-50% offer,2017,11,0,0,1,0,Vienna,2.6,4,4.4,Austria,Vienna,183,City centre,Donauturm,Schonbrunn,4,1148,5.4,Hotel
22309,106,0,0% no offer,2017,11,0,0,1,1,Vienna,4.1,3,3.7,Austria,Vienna,30,City centre,Donauturm,Schonbrunn,3,69,6.8,Hotel
22310,85,1,1-15% offer,2017,11,0,0,1,1,Vienna,3.1,3,2.7,Austria,Vienna,24,City centre,Donauturm,Schonbrunn,3,114,5.9,Hotel
22311,83,1,15-50% offer,2017,11,0,0,1,1,Vienna,2.6,3.5,4.5,Austria,Vienna,18,City centre,Donauturm,Schonbrunn,NA,NA,5.4,Hotel
22312,92,1,1-15% offer,2017,11,0,0,1,0,Vienna,2.9,4,4.1,Austria,Vienna,140,City centre,Donauturm,Schonbrunn,4,753,5.6,Hotel
22328,117,0,0% no offer,2017,11,0,0,1,0,Vienna,2,4,4,Austria,Vienna,124,City centre,Donauturm,Vienna,4,192,3.4,Hotel
22331,66,0,0% no offer,2017,11,0,0,1,0,Vienna,3.9,3,3.7,Austria,Vienna,33,City centre,Donauturm,Vienna,3.5,129,6.4,Hotel
22334,81,1,1-15% offer,2017,11,0,0,1,1,Vienna,3.7,3.5,4.1,Austria,Vienna,21,City centre,Donauturm,Vienna,3,12,6.4,Hotel
22335,109,1,1-15% offer,2017,11,0,0,1,0,Vienna,3.5,4,4,Austria,Vienna,160,City centre,Donauturm,Vienna,3.5,386,6.2,Hotel
22340,97,1,15-50% offer,2017,11,0,0,1,0,Vienna,3.1,4,4,Austria,Vienna,72,City centre,Donauturm,Vienna,4,277,5.9,Hotel
22341,74,1,15-50% offer,2017,11,0,0,1,1,Vienna,4.8,4,3.9,Austria,Vienna,65,City centre,Donauturm,Vienna,4,73,7.3,Hotel
22342,69,1,15-50% offer,2017,11,0,0,1,0,Vienna,3.7,4,3.7,Austria,Vienna,147,City centre,Donauturm,Vienna,3.5,320,6.4,Hotel
22343,83,1,15-50% offer,2017,11,0,0,1,0,Vienna,3.9,4,4,Austria,Vienna,45,City centre,Donauturm,Vienna,3.5,121,6.6,Hotel
22344,50,1,15-50% offer,2017,11,0,0,1,0,Vienna,3.9,3,3.9,Austria,Vienna,50,City centre,Donauturm,Vienna,4,12,6.6,Hotel
22348,77,0,0% no offer,2017,11,0,0,1,1,Vienna,3.7,3,4,Austria,Vienna,26,City centre,Donauturm,Vienna,3.5,21,5,Hotel
22349,102,0,0% no offer,2017,11,0,0,1,0,Vienna,5.3,3,4,Austria,Vienna,28,City centre,Donauturm,Vienna,4.5,204,7.6,Hotel
22353,130,0,0% no offer,2017,11,0,0,1,1,Vienna,6.6,3,4.4,Austria,Vienna,12,City centre,Donauturm,Vienna,4,20,9.4,Hotel
22354,78,0,0% no offer,2017,11,0,0,1,0,Vienna,3.2,3,4.3,Austria,Vienna,171,City centre,Donauturm,Vienna,4,811,4.5,Hotel
22355,76,1,1-15% offer,2017,11,0,0,1,1,Vienna,3.3,3,3.7,Austria,Vienna,34,City centre,Donauturm,Vienna,4,61,4.6,Hotel
22356,68,1,1-15% offer,2017,11,0,0,1,1,Vienna,4.5,4,4,Austria,Vienna,69,City centre,Donauturm,Vienna,3.5,87,5.2,Hotel
22358,116,1,15-50% offer,2017,11,0,0,1,0,Vienna,2.7,4,4,Austria,Vienna,84,City centre,Donauturm,Vienna,4,493,3.7,Hotel
22359,172,1,1-15% offer,2017,11,0,0,1,1,Vienna,2.2,4,4.1,Austria,Vienna,212,City centre,Donauturm,Vienna,4,401,3.8,Hotel
22362,87,0,0% no offer,2017,11,0,0,1,1,Vienna,2.4,3,4,Austria,Vienna,12,City centre,Donauturm,Vienna,4,30,3.9,Hotel
22363,90,1,1-15% offer,2017,11,0,0,1,1,Vienna,4.6,3,3,Austria,Vienna,89,City centre,Donauturm,Vienna,3,78,7.4,Hotel
22364,100,1,15-50% offer,2017,11,0,0,1,1,Vienna,2.7,3.5,4.4,Austria,Vienna,74,City centre,Donauturm,Vienna,4,282,4.2,Hotel
22380,84,1,15-50% offer,2017,11,0,0,1,0,Vienna,1.9,3,4.4,Austria,Vienna,186,City centre,Donauturm,Wahring,4.5,982,2.7,Hotel
22382,185,0,0% no offer,2017,11,0,0,1,1,Vienna,2.1,4,4.4,Austria,Vienna,45,City centre,Donauturm,Wahring,4,142,3,Hotel
22384,85,1,1-15% offer,2017,11,0,0,1,0,Vienna,3,4,4,Austria,Vienna,168,City centre,Donauturm,Wahring,3.5,553,3.2,Hotel
22386,110,0,0% no offer,2017,11,0,0,1,0,Vienna,1.6,3.5,4.5,Austria,Vienna,77,City centre,Donauturm,Wieden,4.5,116,4,Hotel
22387,86,0,0% no offer,2017,11,0,0,1,0,Vienna,1.6,3,4.3,Austria,Vienna,72,City centre,Donauturm,Wieden,4,89,4,Hotel
22388,118,0,0% no offer,2017,11,0,0,1,0,Vienna,1,4,4.1,Austria,Vienna,158,City centre,Donauturm,Wieden,4,436,3.6,Hotel
22389,126,1,1-15% offer,2017,11,0,0,1,1,Vienna,0.9,3.5,4.5,Austria,Vienna,15,City centre,Donauturm,Wieden,NA,NA,3.6,Hotel
22390,92,1,15-50% offer,2017,11,0,0,1,0,Vienna,1.3,3,4.3,Austria,Vienna,291,City centre,Donauturm,Wieden,4,688,3.9,Hotel
22391,197,1,15-50% offer,2017,11,0,0,1,1,Vienna,0.8,4,4.8,Austria,Vienna,317,City centre,Donauturm,Wieden,4.5,1840,3.5,Hotel
22394,135,0,0% no offer,2017,11,0,0,1,0,Vienna,1.2,4,4.5,Austria,Vienna,280,City centre,Donauturm,Wieden,4,1121,3.9,Hotel
22395,125,1,15-50% offer,2017,11,0,0,1,0,Vienna,1.2,4,4.4,Austria,Vienna,47,City centre,Donauturm,Wieden,4.5,229,3.7,Hotel
22397,134,1,1-15% offer,2017,11,0,0,1,0,Vienna,0.8,4,4.5,Austria,Vienna,125,City centre,Donauturm,Wieden,4.5,615,3.5,Hotel
22398,91,1,15-50% offer,2017,11,0,0,1,1,Vienna,0.9,3,3.5,Austria,Vienna,34,City centre,Donauturm,Wieden,3.5,383,3.7,Hotel
22399,110,0,0% no offer,2017,11,0,0,1,0,Vienna,0.8,3,3.9,Austria,Vienna,112,City centre,Donauturm,Wieden,4,263,3.6,Hotel
22401,100,1,1-15% offer,2017,11,0,0,1,1,Vienna,1.2,3,4,Austria,Vienna,77,City centre,Donauturm,Wieden,4,149,3.7,Hotel
22402,95,1,1-15% offer,2017,11,0,0,1,1,Vienna,1.5,4,4.1,Austria,Vienna,572,City centre,Donauturm,Wieden,4,1003,3.9,Hotel
22403,73,1,1-15% offer,2017,11,0,0,1,1,Vienna,1.5,3,3.4,Austria,Vienna,53,City centre,Donauturm,Wieden,3,293,4,Hotel
22407,100,0,0% no offer,2017,11,0,0,1,1,Vienna,1,4,4.4,Austria,Vienna,112,City centre,Donauturm,Wieden,4.5,1006,3.7,Hotel
22408,58,1,15-50% offer,2017,11,0,0,1,0,Vienna,1.4,3,3.2,Austria,Vienna,169,City centre,Donauturm,Wieden,3,135,4.1,Hotel
